OrderID,OrderDate,CustomerID,Region,Category,Quantity,UnitPrice,PaymentMethod,CustomerAge,Sales,OrderMonth,OrderYear,Weekday
2965,2023-06-05,379,North,Electronics,5,25.73,Cash,47.0,128.65,2023-06,2023,Monday
1432,2024-10-20,237,North,Electronics,5,140.98,Cash,54.0,704.9,2024-10,2024,Sunday
1708,2023-07-20,101,South,Home & Kitchen,4,458.74,Wallet,25.0,1834.96,2023-07,2023,Thursday
1331,2024-08-31,164,North,Electronics,9,72.08,Debit Card,36.0,648.72,2024-08,2024,Saturday
1340,2024-05-26,196,West,Books,9,230.88,UPI,64.0,2077.92,2024-05,2024,Sunday
1922,2024-02-29,54,East,Books,3,217.3,Cash,67.0,651.9,2024-02,2024,Thursday
2168,2024-05-15,87,South,Clothing,4,176.5,UPI,35.0,706.0,2024-05,2024,Wednesday
2984,2023-07-25,324,South,Electronics,6,243.51,UPI,19.0,1461.06,2023-07,2023,Tuesday
2581,2023-02-06,149,West,Clothing,9,61.93,Debit Card,34.0,557.37,2023-02,2023,Monday
1376,2024-05-04,442,East,Books,2,335.93,Cash,22.0,671.86,2024-05,2024,Saturday
2447,2024-09-11,1,South,Clothing,7,374.64,Cash,35.0,2622.48,2024-09,2024,Wednesday
2105,2023-01-23,364,West,Sports,13,81.11,UPI,41.0,1054.43,2023-01,2023,Monday
2422,2023-01-16,150,South,Home & Kitchen,7,40.1,Wallet,43.0,280.7,2023-01,2023,Monday
2444,2024-06-09,201,West,Electronics,3,200.89,Cash,19.0,602.67,2024-06,2024,Sunday
1701,2023-11-12,173,East,Sports,4,273.44,UPI,50.0,1093.76,2023-11,2023,Sunday
1424,2023-12-16,460,South,Home & Kitchen,4,84.55,Wallet,58.0,338.2,2023-12,2023,Saturday
2471,2023-09-08,39,West,Clothing,6,279.47,Wallet,37.0,1676.82,2023-09,2023,Friday
1128,2024-12-26,430,West,Home & Kitchen,1,176.08,Credit Card,50.0,176.08,2024-12,2024,Thursday
2775,2023-06-15,258,North,Home & Kitchen,5,227.33,Debit Card,44.0,1136.65,2023-06,2023,Thursday
1276,2023-01-09,49,South,Sports,7,378.14,Credit Card,41.0,2646.98,2023-01,2023,Monday
1471,2023-07-23,158,North,Home & Kitchen,2,201.16,Cash,44.0,402.32,2023-07,2023,Sunday
1987,2023-09-16,60,East,Clothing,8,119.52,Wallet,23.0,956.16,2023-09,2023,Saturday
1472,2023-08-06,462,West,Sports,6,348.46,Debit Card,22.0,2090.76,2023-08,2023,Sunday
1929,2023-11-11,437,East,Sports,9,135.42,Debit Card,66.0,1218.78,2023-11,2023,Saturday
2482,2023-09-29,219,South,Clothing,6,426.96,Wallet,54.0,2561.76,2023-09,2023,Friday
2820,2023-08-11,127,West,Electronics,3,216.87,Debit Card,52.0,650.61,2023-08,2023,Friday
2370,2023-06-03,154,South,Clothing,13,356.54,Debit Card,35.0,4635.02,2023-06,2023,Saturday
2759,2024-05-15,420,South,Clothing,2,344.94,Wallet,69.0,689.88,2024-05,2024,Wednesday
2488,2023-12-06,46,North,Books,6,30.58,Debit Card,44.0,183.48,2023-12,2023,Wednesday
1329,2023-08-14,229,East,Sports,6,473.92,Wallet,65.0,2843.52,2023-08,2023,Monday
2833,2023-01-07,429,West,Clothing,5,122.44,Cash,41.0,612.2,2023-01,2023,Saturday
1658,2023-04-27,227,West,Sports,6,322.04,Credit Card,69.0,1932.24,2023-04,2023,Thursday
1877,2024-01-21,413,East,Sports,1,372.11,Wallet,47.0,372.11,2024-01,2024,Sunday
2390,2024-04-22,364,North,Sports,1,47.37,Debit Card,18.0,47.37,2024-04,2024,Monday
1111,2024-02-23,93,South,Electronics,9,270.62,Credit Card,19.0,2435.58,2024-02,2024,Friday
1197,2023-08-21,146,South,Sports,1,251.3,Cash,56.0,251.3,2023-08,2023,Monday
1368,2024-07-23,291,North,Home & Kitchen,6,332.64,UPI,44.0,1995.84,2024-07,2024,Tuesday
2245,2023-04-30,68,West,Books,5,143.83,Credit Card,66.0,719.15,2023-04,2023,Sunday
2569,2023-02-09,62,North,Home & Kitchen,5,209.89,Wallet,51.0,1049.45,2023-02,2023,Thursday
2095,2024-09-18,188,West,Clothing,6,20.33,Wallet,55.0,121.98,2024-09,2024,Wednesday
1341,2023-01-17,269,East,Books,2,89.53,Wallet,44.0,179.06,2023-01,2023,Tuesday
2133,2024-02-09,250,West,Clothing,2,461.67,UPI,44.0,923.34,2024-02,2024,Friday
2951,2024-11-13,109,West,Electronics,6,496.44,Credit Card,37.0,2978.64,2024-11,2024,Wednesday
1984,2024-07-03,403,East,Clothing,3,250.35,Wallet,33.0,751.05,2024-07,2024,Wednesday
2517,2023-08-14,468,West,Sports,2,169.95,Wallet,57.0,339.9,2023-08,2023,Monday
2073,2023-09-11,74,West,Electronics,9,86.14,Credit Card,36.0,775.26,2023-09,2023,Monday
1861,2023-01-26,499,North,Sports,8,74.86,Debit Card,23.0,598.88,2023-01,2023,Thursday
1718,2024-03-25,483,West,Clothing,7,263.32,UPI,59.0,1843.24,2024-03,2024,Monday
1359,2023-04-26,259,North,Books,1,214.56,Debit Card,44.0,214.56,2023-04,2023,Wednesday
2725,2023-06-11,332,South,Clothing,3,273.71,UPI,44.0,821.13,2023-06,2023,Sunday
1641,2024-10-14,497,North,Home & Kitchen,1,497.76,Debit Card,68.0,497.76,2024-10,2024,Monday
2971,2024-03-10,416,South,Sports,2,427.55,Cash,50.0,855.1,2024-03,2024,Sunday
1752,2023-05-25,223,West,Electronics,4,82.83,Wallet,59.0,331.32,2023-05,2023,Thursday
1726,2023-05-26,415,West,Sports,5,108.66,UPI,40.0,543.3,2023-05,2023,Friday
1003,2023-09-28,428,South,Electronics,4,173.41,Debit Card,68.0,693.64,2023-09,2023,Thursday
1863,2023-01-08,88,West,Books,5,406.02,Debit Card,36.0,2030.1,2023-01,2023,Sunday
2693,2024-06-21,363,East,Electronics,3,441.52,Wallet,61.0,1324.56,2024-06,2024,Friday
2948,2023-09-14,431,East,Clothing,7,290.64,Debit Card,46.0,2034.48,2023-09,2023,Thursday
1998,2023-11-17,314,North,Home & Kitchen,2,182.13,UPI,67.0,364.26,2023-11,2023,Friday
2692,2024-07-23,106,East,Electronics,1,329.79,Debit Card,21.0,329.79,2024-07,2024,Tuesday
1260,2023-05-31,152,West,Home & Kitchen,9,144.92,UPI,31.0,1304.28,2023-05,2023,Wednesday
2803,2023-04-26,350,North,Books,3,111.02,Debit Card,44.0,333.06,2023-04,2023,Wednesday
1978,2023-05-20,376,West,Sports,6,63.64,UPI,63.0,381.84,2023-05,2023,Saturday
2615,2024-10-28,406,East,Home & Kitchen,9,384.05,UPI,44.0,3456.45,2024-10,2024,Monday
1803,2023-05-13,334,West,Sports,6,227.32,Wallet,26.0,1363.92,2023-05,2023,Saturday
1934,2023-10-04,243,West,Sports,9,62.07,Cash,36.0,558.63,2023-10,2023,Wednesday
1624,2023-11-23,423,South,Clothing,6,431.25,Credit Card,69.0,2587.5,2023-11,2023,Thursday
1416,2024-09-04,454,West,Clothing,4,274.72,Credit Card,43.0,1098.88,2024-09,2024,Wednesday
1109,2024-01-27,403,East,Home & Kitchen,2,24.21,Credit Card,33.0,48.42,2024-01,2024,Saturday
2260,2024-07-01,489,North,Home & Kitchen,1,390.29,Debit Card,30.0,390.29,2024-07,2024,Monday
1035,2024-05-25,414,North,Sports,5,30.91,Wallet,21.0,154.55,2024-05,2024,Saturday
1263,2024-09-02,60,South,Sports,3,85.28,Debit Card,30.0,255.84,2024-09,2024,Monday
2679,2024-11-17,190,West,Books,3,52.37,Credit Card,65.0,157.11,2024-11,2024,Sunday
1620,2023-12-08,138,South,Sports,1,59.13,Credit Card,68.0,59.13,2023-12,2023,Friday
2209,2023-07-13,330,North,Home & Kitchen,8,245.6,Credit Card,39.0,1964.8,2023-07,2023,Thursday
1420,2024-09-11,231,North,Books,1,362.57,Cash,34.0,362.57,2024-09,2024,Wednesday
1387,2024-06-08,158,North,Sports,4,26.72,UPI,68.0,106.88,2024-06,2024,Saturday
2038,2024-06-09,75,North,Home & Kitchen,1,200.41,Debit Card,23.0,200.41,2024-06,2024,Sunday
2028,2024-02-14,260,East,Home & Kitchen,7,132.56,Wallet,18.0,927.92,2024-02,2024,Wednesday
1919,2024-01-04,234,North,Home & Kitchen,7,292.81,Wallet,32.0,2049.67,2024-01,2024,Thursday
2334,2024-09-25,478,West,Sports,8,333.72,Debit Card,35.0,2669.76,2024-09,2024,Wednesday
2372,2024-05-15,133,North,Books,1,17.09,Debit Card,44.0,17.09,2024-05,2024,Wednesday
2496,2024-10-31,30,South,Books,8,226.43,Credit Card,18.0,1811.44,2024-10,2024,Thursday
2355,2024-09-14,412,West,Electronics,6,277.9,Wallet,31.0,1667.4,2024-09,2024,Saturday
2169,2023-06-10,218,West,Clothing,6,486.66,Debit Card,51.0,2919.96,2023-06,2023,Saturday
1612,2024-05-31,386,East,Clothing,5,222.54,Debit Card,36.0,1112.7,2024-05,2024,Friday
1790,2023-04-08,380,East,Clothing,9,23.99,Debit Card,47.0,215.91,2023-04,2023,Saturday
1572,2024-05-20,494,East,Clothing,9,71.43,Credit Card,58.0,642.87,2024-05,2024,Monday
1205,2024-01-21,459,South,Books,5,95.4,Wallet,34.0,477.0,2024-01,2024,Sunday
2051,2023-02-08,350,North,Home & Kitchen,7,357.48,Wallet,45.0,2502.36,2023-02,2023,Wednesday
1230,2023-07-22,173,North,Sports,5,9.54,Debit Card,25.0,47.7,2023-07,2023,Saturday
2974,2023-01-20,250,North,Home & Kitchen,3,14.43,Cash,53.0,43.29,2023-01,2023,Friday
2745,2023-12-15,158,East,Clothing,6,475.44,Credit Card,32.0,2852.64,2023-12,2023,Friday
1186,2024-10-10,494,South,Electronics,2,402.31,Cash,45.0,804.62,2024-10,2024,Thursday
1688,2023-01-12,203,South,Home & Kitchen,8,266.65,Wallet,47.0,2133.2,2023-01,2023,Thursday
1956,2023-01-04,405,South,Clothing,1,472.33,Debit Card,40.0,472.33,2023-01,2023,Wednesday
2946,2024-08-27,77,South,Books,9,295.16,Debit Card,40.0,2656.44,2024-08,2024,Tuesday
2462,2023-01-16,227,West,Books,1,402.52,UPI,62.0,402.52,2023-01,2023,Monday
1706,2024-05-16,449,West,Sports,4,292.49,Debit Card,37.0,1169.96,2024-05,2024,Thursday
2740,2023-01-27,8,North,Sports,7,211.98,Wallet,46.0,1483.86,2023-01,2023,Friday
1352,2023-12-15,230,West,Books,9,246.03,Credit Card,42.0,2214.27,2023-12,2023,Friday
1309,2024-05-18,125,North,Clothing,6,253.21,UPI,19.0,1519.26,2024-05,2024,Saturday
2830,2023-04-21,146,East,Sports,6,464.31,Debit Card,50.0,2785.86,2023-04,2023,Friday
1833,2024-02-07,392,North,Electronics,6,180.87,Credit Card,37.0,1085.22,2024-02,2024,Wednesday
1685,2023-09-16,232,East,Sports,5,227.55,Cash,32.0,1137.75,2023-09,2023,Saturday
1238,2024-05-25,277,South,Home & Kitchen,1,441.34,UPI,36.0,441.34,2024-05,2024,Saturday
1880,2024-06-09,108,South,Home & Kitchen,1,83.35,Debit Card,61.0,83.35,2024-06,2024,Sunday
1979,2024-07-12,254,South,Clothing,7,11.75,Wallet,25.0,82.25,2024-07,2024,Friday
2166,2023-06-29,69,North,Clothing,4,139.33,Cash,29.0,557.32,2023-06,2023,Thursday
2466,2024-03-25,302,South,Sports,3,470.78,Credit Card,40.0,1412.34,2024-03,2024,Monday
2560,2023-11-19,110,South,Books,4,103.55,UPI,44.0,414.2,2023-11,2023,Sunday
1682,2024-05-27,242,South,Clothing,4,332.68,Cash,67.0,1330.72,2024-05,2024,Monday
1913,2023-04-21,425,North,Sports,2,11.44,Credit Card,48.0,22.88,2023-04,2023,Friday
1825,2023-07-14,268,South,Electronics,2,340.67,Credit Card,27.0,681.34,2023-07,2023,Friday
1201,2024-03-17,132,South,Clothing,5,219.06,Debit Card,33.0,1095.3,2024-03,2024,Sunday
2757,2024-11-08,161,South,Books,9,431.86,UPI,46.0,3886.74,2024-11,2024,Friday
2500,2024-10-26,281,North,Books,4,82.38,Credit Card,44.0,329.52,2024-10,2024,Saturday
1141,2024-04-05,153,West,Sports,8,227.32,Wallet,55.0,1818.56,2024-04,2024,Friday
1597,2024-10-19,116,South,Sports,7,327.14,Cash,62.0,2289.98,2024-10,2024,Saturday
1038,2024-11-30,145,West,Home & Kitchen,7,426.49,UPI,47.0,2985.43,2024-11,2024,Saturday
2134,2023-12-12,363,South,Electronics,9,286.39,Wallet,65.0,2577.51,2023-12,2023,Tuesday
2211,2023-04-23,5,South,Books,1,75.21,Credit Card,44.0,75.21,2023-04,2023,Sunday
2491,2024-11-19,100,West,Home & Kitchen,2,70.64,Credit Card,21.0,141.28,2024-11,2024,Tuesday
1398,2023-04-02,144,East,Books,8,245.01,Credit Card,44.0,1960.08,2023-04,2023,Sunday
1821,2024-06-03,222,South,Home & Kitchen,6,441.15,Debit Card,36.0,2646.9,2024-06,2024,Monday
1059,2023-04-02,361,East,Home & Kitchen,1,320.88,Wallet,68.0,320.88,2023-04,2023,Sunday
2788,2024-08-10,118,North,Electronics,8,82.1,Credit Card,44.0,656.8,2024-08,2024,Saturday
2524,2024-07-28,124,North,Electronics,7,395.14,Debit Card,58.0,2765.98,2024-07,2024,Sunday
1896,2023-02-08,388,North,Clothing,6,144.86,Debit Card,35.0,869.16,2023-02,2023,Wednesday
1207,2023-04-23,351,West,Books,4,320.52,Debit Card,39.0,1282.08,2023-04,2023,Sunday
2986,2024-05-04,385,East,Books,8,111.06,Wallet,46.0,888.48,2024-05,2024,Saturday
1431,2024-10-31,114,North,Clothing,8,218.01,UPI,18.0,1744.08,2024-10,2024,Thursday
1301,2024-12-06,320,South,Sports,8,443.98,Cash,39.0,3551.84,2024-12,2024,Friday
1661,2024-07-09,436,South,Clothing,1,64.04,Wallet,55.0,64.04,2024-07,2024,Tuesday
2376,2023-01-17,477,North,Home & Kitchen,6,111.99,UPI,29.0,671.94,2023-01,2023,Tuesday
2785,2023-03-29,398,East,Books,5,227.21,Debit Card,69.0,1136.05,2023-03,2023,Wednesday
1413,2024-11-12,286,West,Books,4,313.16,UPI,18.0,1252.64,2024-11,2024,Tuesday
2114,2024-09-14,270,South,Sports,1,222.14,Cash,33.0,222.14,2024-09,2024,Saturday
1008,2024-09-06,126,North,Clothing,8,385.54,Cash,41.0,3084.32,2024-09,2024,Friday
1351,2023-10-07,264,West,Clothing,7,255.34,Debit Card,31.0,1787.38,2023-10,2023,Saturday
1722,2023-01-05,148,East,Electronics,1,363.83,Credit Card,59.0,363.83,2023-01,2023,Thursday
2011,2024-04-03,183,West,Electronics,9,231.33,Wallet,61.0,2081.97,2024-04,2024,Wednesday
2842,2023-05-07,354,North,Sports,6,333.74,UPI,50.0,2002.44,2023-05,2023,Sunday
1508,2023-06-17,436,East,Clothing,6,296.46,UPI,39.0,1778.76,2023-06,2023,Saturday
1021,2023-12-10,157,East,Clothing,9,450.88,Credit Card,18.0,4057.92,2023-12,2023,Sunday
1507,2024-02-21,381,West,Clothing,5,204.38,Debit Card,54.0,1021.9,2024-02,2024,Wednesday
2881,2023-12-30,419,East,Books,2,102.26,UPI,46.0,204.52,2023-12,2023,Saturday
2068,2024-07-03,320,South,Books,2,182.87,Credit Card,37.0,365.74,2024-07,2024,Wednesday
1587,2024-11-23,308,South,Sports,2,205.33,UPI,51.0,410.66,2024-11,2024,Saturday
1834,2023-01-05,302,North,Electronics,5,29.33,Debit Card,46.0,146.65,2023-01,2023,Thursday
1501,2024-06-28,270,East,Clothing,7,318.47,Debit Card,22.0,2229.29,2024-06,2024,Friday
2540,2024-06-04,161,West,Clothing,6,227.0,Cash,51.0,1362.0,2024-06,2024,Tuesday
2154,2023-03-16,405,South,Sports,3,118.89,Credit Card,18.0,356.67,2023-03,2023,Thursday
2814,2023-11-01,463,West,Electronics,2,171.78,Credit Card,45.0,343.56,2023-11,2023,Wednesday
2766,2024-12-17,84,South,Home & Kitchen,1,401.18,Cash,56.0,401.18,2024-12,2024,Tuesday
2818,2023-03-14,62,North,Electronics,4,115.36,Debit Card,44.0,461.44,2023-03,2023,Tuesday
2950,2023-10-03,401,West,Electronics,6,46.52,Wallet,36.0,279.12,2023-10,2023,Tuesday
1944,2024-10-25,132,East,Home & Kitchen,9,118.81,Debit Card,26.0,1069.29,2024-10,2024,Friday
1541,2023-04-09,349,West,Electronics,2,239.35,UPI,33.0,478.7,2023-04,2023,Sunday
1741,2024-06-01,350,North,Home & Kitchen,7,93.53,Cash,49.0,654.71,2024-06,2024,Saturday
2565,2023-11-28,255,West,Clothing,7,127.14,UPI,37.0,889.98,2023-11,2023,Tuesday
1397,2023-05-23,3,South,Clothing,5,196.19,UPI,46.0,980.95,2023-05,2023,Tuesday
2521,2024-07-24,63,North,Electronics,6,49.37,Credit Card,46.0,296.22,2024-07,2024,Wednesday
2059,2024-05-14,245,West,Home & Kitchen,8,88.57,UPI,58.0,708.56,2024-05,2024,Tuesday
2257,2023-05-27,270,North,Clothing,4,467.14,UPI,47.0,1868.56,2023-05,2023,Saturday
2793,2023-11-06,259,East,Electronics,1,251.5,Debit Card,23.0,251.5,2023-11,2023,Monday
1173,2023-08-19,271,West,Books,2,79.55,Credit Card,48.0,159.1,2023-08,2023,Saturday
2535,2024-05-31,424,East,Electronics,2,108.6,Wallet,54.0,217.2,2024-05,2024,Friday
2660,2023-08-10,441,South,Home & Kitchen,5,455.23,Credit Card,56.0,2276.15,2023-08,2023,Thursday
1515,2023-10-29,117,East,Clothing,6,166.08,Credit Card,37.0,996.48,2023-10,2023,Sunday
2929,2023-03-07,30,South,Electronics,9,240.93,Debit Card,44.0,2168.37,2023-03,2023,Tuesday
1621,2024-05-14,471,South,Sports,7,201.66,Cash,35.0,1411.62,2024-05,2024,Tuesday
2776,2024-06-27,447,West,Clothing,8,222.86,UPI,41.0,1782.88,2024-06,2024,Thursday
1052,2024-08-23,147,West,Books,5,109.09,UPI,69.0,545.45,2024-08,2024,Friday
1037,2024-04-20,466,West,Books,8,401.95,UPI,38.0,3215.6,2024-04,2024,Saturday
1780,2023-10-30,488,South,Sports,8,40.75,Debit Card,63.0,326.0,2023-10,2023,Monday
2296,2023-12-25,485,North,Electronics,9,30.87,Wallet,35.0,277.83,2023-12,2023,Monday
1654,2023-07-10,112,East,Sports,4,180.65,Credit Card,32.0,722.6,2023-07,2023,Monday
1218,2024-01-20,445,South,Books,6,158.37,UPI,45.0,950.22,2024-01,2024,Saturday
1285,2023-04-30,432,North,Home & Kitchen,4,412.27,UPI,44.0,1649.08,2023-04,2023,Sunday
2669,2024-06-07,237,West,Electronics,8,439.67,Wallet,33.0,3517.36,2024-06,2024,Friday
2754,2023-09-30,450,East,Clothing,2,15.1,Cash,20.0,30.2,2023-09,2023,Saturday
2278,2024-05-20,167,East,Sports,7,163.86,Wallet,49.0,1147.02,2024-05,2024,Monday
1831,2024-09-25,149,South,Sports,8,376.64,Wallet,42.0,3013.12,2024-09,2024,Wednesday
2333,2024-12-02,260,South,Books,1,191.74,Cash,58.0,191.74,2024-12,2024,Monday
1375,2023-06-04,300,East,Home & Kitchen,5,28.3,Debit Card,33.0,141.5,2023-06,2023,Sunday
1985,2023-05-19,159,South,Sports,1,213.45,Cash,37.0,213.45,2023-05,2023,Friday
1411,2023-11-01,321,West,Electronics,9,31.52,Cash,46.0,283.68,2023-11,2023,Wednesday
2997,2023-08-11,435,North,Clothing,2,284.95,Debit Card,44.0,569.9,2023-08,2023,Friday
2851,2023-05-02,23,East,Sports,4,378.06,UPI,28.0,1512.24,2023-05,2023,Tuesday
2331,2024-02-05,107,West,Clothing,1,206.67,Credit Card,44.0,206.67,2024-02,2024,Monday
1147,2024-04-29,463,West,Home & Kitchen,8,43.88,Wallet,21.0,351.04,2024-04,2024,Monday
1614,2023-06-14,219,North,Sports,4,204.81,Cash,61.0,819.24,2023-06,2023,Wednesday
2468,2023-06-19,484,South,Clothing,8,234.0,Credit Card,43.0,1872.0,2023-06,2023,Monday
2276,2023-02-22,227,South,Home & Kitchen,2,155.34,Cash,63.0,310.68,2023-02,2023,Wednesday
1361,2023-09-10,326,West,Home & Kitchen,7,223.98,Cash,59.0,1567.86,2023-09,2023,Sunday
2180,2024-11-19,425,North,Clothing,2,68.02,UPI,20.0,136.04,2024-11,2024,Tuesday
2165,2023-01-25,82,North,Sports,2,53.99,Debit Card,33.0,107.98,2023-01,2023,Wednesday
2890,2023-09-07,294,South,Electronics,4,14.71,Cash,32.0,58.84,2023-09,2023,Thursday
2829,2023-11-14,107,West,Clothing,9,288.83,Wallet,57.0,2599.47,2023-11,2023,Tuesday
1242,2023-05-04,26,East,Home & Kitchen,9,206.98,Debit Card,51.0,1862.82,2023-05,2023,Thursday
1493,2023-09-15,25,East,Books,1,425.55,UPI,29.0,425.55,2023-09,2023,Friday
2433,2024-05-12,381,East,Electronics,5,111.35,UPI,37.0,556.75,2024-05,2024,Sunday
2294,2023-08-25,297,West,Clothing,2,191.27,Cash,57.0,382.54,2023-08,2023,Friday
2764,2024-01-30,412,South,Sports,6,148.15,UPI,44.0,888.9,2024-01,2024,Tuesday
2339,2024-12-05,32,East,Electronics,2,83.04,Cash,44.0,166.08,2024-12,2024,Thursday
2864,2024-07-02,440,West,Sports,1,196.0,Wallet,63.0,196.0,2024-07,2024,Tuesday
2035,2023-10-23,47,North,Clothing,8,496.09,Credit Card,28.0,3968.72,2023-10,2023,Monday
2913,2023-11-30,45,North,Books,2,331.13,Wallet,67.0,662.26,2023-11,2023,Thursday
2651,2024-04-11,268,North,Books,9,246.03,Debit Card,60.0,2214.27,2024-04,2024,Thursday
2324,2023-10-14,220,North,Home & Kitchen,8,192.01,UPI,49.0,1536.08,2023-10,2023,Saturday
2152,2024-06-20,432,North,Electronics,6,401.67,UPI,22.0,2410.02,2024-06,2024,Thursday
2443,2023-09-30,454,West,Sports,9,304.53,Credit Card,19.0,2740.77,2023-09,2023,Saturday
1740,2024-02-09,261,North,Clothing,4,160.03,Debit Card,45.0,640.12,2024-02,2024,Friday
2878,2023-01-24,444,West,Home & Kitchen,9,66.17,Credit Card,32.0,595.53,2023-01,2023,Tuesday
1142,2024-11-21,12,East,Clothing,7,143.44,Cash,44.0,1004.08,2024-11,2024,Thursday
1566,2023-03-17,393,South,Books,7,109.3,Wallet,67.0,765.1,2023-03,2023,Friday
1869,2024-09-30,189,North,Home & Kitchen,7,43.96,Cash,43.0,307.72,2024-09,2024,Monday
2886,2024-11-19,126,East,Electronics,6,119.09,Debit Card,34.0,714.54,2024-11,2024,Tuesday
1838,2024-06-17,151,East,Home & Kitchen,13,271.0,Debit Card,56.0,3523.0,2024-06,2024,Monday
2892,2024-05-26,325,North,Clothing,5,263.96,Credit Card,48.0,1319.8,2024-05,2024,Sunday
2716,2023-10-30,395,North,Clothing,9,437.42,Cash,44.0,3936.78,2023-10,2023,Monday
2600,2023-05-27,301,North,Books,2,113.96,Debit Card,45.0,227.92,2023-05,2023,Saturday
2885,2024-07-15,475,North,Books,3,428.04,Credit Card,48.0,1284.12,2024-07,2024,Monday
2050,2023-04-14,113,East,Clothing,2,255.34,Debit Card,44.0,510.68,2023-04,2023,Friday
2428,2023-12-01,271,South,Home & Kitchen,2,19.03,Cash,59.0,38.06,2023-12,2023,Friday
2845,2023-01-12,195,South,Electronics,2,423.39,UPI,33.0,846.78,2023-01,2023,Thursday
1573,2024-01-02,371,North,Clothing,8,324.15,Credit Card,31.0,2593.2,2024-01,2024,Tuesday
2873,2023-07-26,47,West,Home & Kitchen,7,31.7,UPI,67.0,221.9,2023-07,2023,Wednesday
1695,2023-05-02,433,South,Sports,3,447.58,Credit Card,37.0,1342.74,2023-05,2023,Tuesday
2286,2024-12-27,197,East,Clothing,7,357.44,Credit Card,67.0,2502.08,2024-12,2024,Friday
1502,2024-11-21,321,West,Books,5,54.25,Credit Card,28.0,271.25,2024-11,2024,Thursday
1518,2023-02-04,405,East,Electronics,4,146.7,Cash,21.0,586.8,2023-02,2023,Saturday
2683,2023-08-15,380,South,Books,2,209.53,Debit Card,27.0,419.06,2023-08,2023,Tuesday
1557,2023-12-08,267,South,Electronics,5,158.27,Credit Card,68.0,791.35,2023-12,2023,Friday
1180,2024-09-19,334,East,Books,4,439.73,Cash,44.0,1758.92,2024-09,2024,Thursday
1439,2023-04-27,457,East,Home & Kitchen,8,20.45,Credit Card,54.0,163.6,2023-04,2023,Thursday
1489,2023-11-21,276,North,Home & Kitchen,5,438.3,Debit Card,64.0,2191.5,2023-11,2023,Tuesday
2477,2023-01-29,210,South,Books,9,21.25,Wallet,58.0,191.25,2023-01,2023,Sunday
2993,2023-08-05,111,East,Clothing,4,309.73,UPI,37.0,1238.92,2023-08,2023,Saturday
2119,2023-11-20,182,South,Electronics,9,420.12,Cash,48.0,3781.08,2023-11,2023,Monday
1354,2023-10-29,50,North,Home & Kitchen,2,448.07,Cash,21.0,896.14,2023-10,2023,Sunday
1300,2023-12-04,258,North,Electronics,1,244.09,Debit Card,44.0,244.09,2023-12,2023,Monday
2714,2024-08-26,494,West,Clothing,2,234.46,Wallet,23.0,468.92,2024-08,2024,Monday
2247,2024-03-27,372,South,Electronics,6,239.35,Debit Card,61.0,1436.1,2024-03,2024,Wednesday
1455,2024-12-04,342,East,Sports,7,100.93,Debit Card,44.0,706.51,2024-12,2024,Wednesday
1594,2023-06-12,178,North,Home & Kitchen,5,189.86,Debit Card,35.0,949.3,2023-06,2023,Monday
2448,2023-07-07,456,East,Books,6,429.59,Wallet,44.0,2577.54,2023-07,2023,Friday
1326,2024-03-13,494,West,Clothing,7,69.88,UPI,18.0,489.16,2024-03,2024,Wednesday
1072,2023-04-16,176,East,Home & Kitchen,4,338.14,Debit Card,38.0,1352.56,2023-04,2023,Sunday
1528,2024-09-17,128,West,Home & Kitchen,2,344.58,Debit Card,21.0,689.16,2024-09,2024,Tuesday
1769,2023-09-07,217,North,Books,6,16.82,Cash,45.0,100.92,2023-09,2023,Thursday
2402,2024-08-14,277,West,Home & Kitchen,4,39.47,Cash,56.0,157.88,2024-08,2024,Wednesday
2619,2023-05-13,38,West,Sports,7,94.7,Cash,37.0,662.9,2023-05,2023,Saturday
2904,2024-06-13,365,North,Home & Kitchen,2,474.13,Debit Card,20.0,948.26,2024-06,2024,Thursday
2611,2024-11-23,147,East,Home & Kitchen,9,127.73,Wallet,44.0,1149.57,2024-11,2024,Saturday
2922,2023-01-14,51,West,Clothing,1,74.62,Cash,51.0,74.62,2023-01,2023,Saturday
2969,2023-09-08,42,South,Sports,2,29.33,UPI,35.0,58.66,2023-09,2023,Friday
2138,2023-01-01,178,South,Books,1,246.03,Credit Card,18.0,246.03,2023-01,2023,Sunday
1730,2023-10-09,436,West,Sports,3,335.67,Wallet,19.0,1007.01,2023-10,2023,Monday
2090,2023-11-20,297,East,Clothing,9,440.05,Debit Card,61.0,3960.45,2023-11,2023,Monday
2489,2024-01-24,38,West,Books,9,83.48,Cash,27.0,751.32,2024-01,2024,Wednesday
2883,2024-06-15,495,West,Electronics,1,90.92,Cash,67.0,90.92,2024-06,2024,Saturday
1545,2024-10-24,60,West,Books,2,273.99,Cash,24.0,547.98,2024-10,2024,Thursday
1117,2023-01-28,291,East,Clothing,2,238.0,Wallet,53.0,476.0,2023-01,2023,Saturday
2694,2024-04-26,310,South,Books,1,246.03,Cash,67.0,246.03,2024-04,2024,Friday
2160,2024-06-12,142,South,Clothing,7,179.97,Debit Card,23.0,1259.79,2024-06,2024,Wednesday
1005,2023-03-13,340,West,Clothing,2,255.34,Cash,40.0,510.68,2023-03,2023,Monday
1312,2023-07-14,241,East,Home & Kitchen,1,391.14,Credit Card,31.0,391.14,2023-07,2023,Friday
1047,2024-10-08,345,South,Electronics,8,455.86,Debit Card,38.0,3646.88,2024-10,2024,Tuesday
1342,2023-06-21,49,South,Electronics,6,137.27,UPI,44.0,823.62,2023-06,2023,Wednesday
2201,2023-10-13,177,West,Books,9,210.35,Credit Card,46.0,1893.15,2023-10,2023,Friday
1836,2024-08-26,238,North,Sports,8,279.32,Debit Card,67.0,2234.56,2024-08,2024,Monday
1888,2023-10-01,186,North,Books,1,446.45,UPI,58.0,446.45,2023-10,2023,Sunday
2400,2023-01-12,474,North,Sports,8,174.53,UPI,44.0,1396.24,2023-01,2023,Thursday
2596,2023-02-09,216,North,Home & Kitchen,9,221.2,Wallet,69.0,1990.8,2023-02,2023,Thursday
1279,2024-10-20,226,East,Sports,6,310.82,Wallet,37.0,1864.92,2024-10,2024,Sunday
2632,2023-09-15,67,East,Clothing,3,255.34,Cash,50.0,766.02,2023-09,2023,Friday
2023,2024-12-25,118,West,Clothing,3,223.56,Wallet,68.0,670.68,2024-12,2024,Wednesday
1639,2024-03-26,465,West,Clothing,1,465.57,UPI,51.0,465.57,2024-03,2024,Tuesday
2621,2023-01-31,157,South,Books,3,71.84,Wallet,46.0,215.52,2023-01,2023,Tuesday
2975,2023-10-09,497,South,Clothing,7,367.57,Credit Card,52.0,2572.99,2023-10,2023,Monday
1195,2024-08-30,420,North,Books,5,302.47,Debit Card,21.0,1512.35,2024-08,2024,Friday
2932,2023-09-18,122,West,Home & Kitchen,2,242.99,Wallet,61.0,485.98,2023-09,2023,Monday
1807,2023-11-26,278,West,Clothing,5,482.52,Credit Card,24.0,2412.6,2023-11,2023,Sunday
2639,2023-02-15,439,North,Electronics,1,147.53,UPI,60.0,147.53,2023-02,2023,Wednesday
2519,2024-12-11,327,South,Electronics,7,49.65,UPI,21.0,347.55,2024-12,2024,Wednesday
1373,2024-10-24,264,West,Books,6,268.31,Cash,24.0,1609.86,2024-10,2024,Thursday
1801,2024-07-16,488,North,Books,9,282.87,Debit Card,44.0,2545.83,2024-07,2024,Tuesday
1505,2023-09-25,310,West,Books,8,43.96,UPI,52.0,351.68,2023-09,2023,Monday
2817,2023-01-09,213,South,Clothing,9,48.04,Credit Card,44.0,432.36,2023-01,2023,Monday
2302,2024-10-27,399,West,Books,8,245.76,Debit Card,24.0,1966.08,2024-10,2024,Sunday
2227,2023-12-15,495,South,Electronics,6,99.57,Credit Card,55.0,597.42,2023-12,2023,Friday
1299,2023-06-02,409,West,Home & Kitchen,2,124.67,Cash,34.0,249.34,2023-06,2023,Friday
2199,2024-03-04,423,North,Books,4,287.48,Wallet,18.0,1149.92,2024-03,2024,Monday
1451,2024-05-02,419,South,Electronics,4,268.38,UPI,61.0,1073.52,2024-05,2024,Thursday
2043,2024-07-28,325,North,Electronics,2,29.4,UPI,43.0,58.8,2024-07,2024,Sunday
1110,2024-11-05,316,West,Sports,3,101.09,Wallet,49.0,303.27,2024-11,2024,Tuesday
1818,2023-07-02,483,East,Sports,9,156.59,Debit Card,45.0,1409.31,2023-07,2023,Sunday
2945,2024-08-14,285,South,Books,3,356.11,Credit Card,26.0,1068.33,2024-08,2024,Wednesday
2298,2023-10-05,72,North,Sports,9,220.93,Credit Card,30.0,1988.37,2023-10,2023,Thursday
1427,2023-09-26,142,North,Books,6,246.3,Cash,66.0,1477.8,2023-09,2023,Tuesday
1563,2024-01-31,457,East,Home & Kitchen,3,109.13,Wallet,24.0,327.39,2024-01,2024,Wednesday
1596,2023-08-23,485,South,Sports,7,419.13,Debit Card,35.0,2933.91,2023-08,2023,Wednesday
2657,2024-02-16,380,South,Electronics,4,391.77,Wallet,44.0,1567.08,2024-02,2024,Friday
1096,2023-02-10,331,West,Sports,6,422.06,Debit Card,52.0,2532.36,2023-02,2023,Friday
2891,2023-04-27,64,East,Home & Kitchen,4,337.33,Debit Card,61.0,1349.32,2023-04,2023,Thursday
2720,2024-01-22,45,North,Electronics,3,424.44,Wallet,62.0,1273.32,2024-01,2024,Monday
1020,2023-11-05,264,West,Books,5,232.99,UPI,50.0,1164.95,2023-11,2023,Sunday
1692,2024-10-29,443,North,Sports,9,61.13,UPI,61.0,550.17,2024-10,2024,Tuesday
2052,2023-07-17,254,North,Home & Kitchen,2,93.33,Wallet,66.0,186.66,2023-07,2023,Monday
2349,2023-04-23,375,South,Sports,2,368.03,Credit Card,51.0,736.06,2023-04,2023,Sunday
1947,2024-06-26,24,West,Home & Kitchen,2,470.57,Wallet,44.0,941.14,2024-06,2024,Wednesday
2282,2024-12-14,379,East,Sports,4,56.06,Debit Card,43.0,224.24,2024-12,2024,Saturday
2159,2023-12-13,384,South,Home & Kitchen,4,404.02,Credit Card,48.0,1616.08,2023-12,2023,Wednesday
2674,2023-04-30,189,South,Books,4,202.04,Wallet,18.0,808.16,2023-04,2023,Sunday
2774,2024-08-29,423,East,Books,7,270.42,Wallet,53.0,1892.94,2024-08,2024,Thursday
2942,2024-12-07,274,East,Sports,4,423.64,UPI,41.0,1694.56,2024-12,2024,Saturday
1223,2024-11-14,452,East,Electronics,8,67.92,Debit Card,53.0,543.36,2024-11,2024,Thursday
2436,2024-08-16,66,West,Home & Kitchen,8,93.42,Wallet,63.0,747.36,2024-08,2024,Friday
1739,2024-01-20,261,West,Sports,2,109.55,Wallet,45.0,219.1,2024-01,2024,Saturday
2794,2023-03-27,84,South,Sports,1,279.31,UPI,44.0,279.31,2023-03,2023,Monday
1926,2023-10-09,14,South,Books,4,468.74,Wallet,55.0,1874.96,2023-10,2023,Monday
1112,2023-10-16,473,West,Clothing,7,467.74,Cash,43.0,3274.18,2023-10,2023,Monday
1946,2023-08-31,394,South,Sports,3,130.48,Debit Card,47.0,391.44,2023-08,2023,Thursday
2040,2024-09-28,137,West,Books,8,440.92,Wallet,37.0,3527.36,2024-09,2024,Saturday
2555,2024-08-02,476,East,Clothing,3,158.09,Wallet,27.0,474.27,2024-08,2024,Friday
2140,2024-01-06,475,East,Electronics,4,420.51,UPI,44.0,1682.04,2024-01,2024,Saturday
1314,2024-10-01,487,East,Books,1,117.91,Debit Card,56.0,117.91,2024-10,2024,Tuesday
1288,2024-08-09,419,South,Home & Kitchen,5,160.64,Cash,44.0,803.2,2024-08,2024,Friday
2362,2023-05-28,325,South,Home & Kitchen,6,399.49,UPI,21.0,2396.94,2023-05,2023,Sunday
2594,2024-07-21,465,North,Electronics,2,239.35,Wallet,30.0,478.7,2024-07,2024,Sunday
2123,2024-08-26,205,South,Electronics,6,160.85,UPI,43.0,965.1,2024-08,2024,Monday
2910,2024-08-21,443,East,Books,4,75.83,Debit Card,18.0,303.32,2024-08,2024,Wednesday
2809,2024-11-16,419,North,Clothing,7,76.2,Debit Card,20.0,533.4,2024-11,2024,Saturday
1464,2024-11-27,166,East,Electronics,7,179.39,Wallet,63.0,1255.73,2024-11,2024,Wednesday
1636,2024-06-14,173,West,Sports,7,210.42,Credit Card,30.0,1472.94,2024-06,2024,Friday
2511,2024-03-15,435,East,Books,2,89.49,Credit Card,50.0,178.98,2024-03,2024,Friday
2701,2023-02-08,41,North,Sports,9,196.94,Wallet,44.0,1772.46,2023-02,2023,Wednesday
2232,2023-02-23,138,South,Home & Kitchen,8,197.48,Wallet,44.0,1579.84,2023-02,2023,Thursday
1362,2023-06-10,130,East,Home & Kitchen,9,27.8,Cash,37.0,250.2,2023-06,2023,Saturday
2206,2024-08-12,198,East,Books,5,306.72,Wallet,54.0,1533.6,2024-08,2024,Monday
1456,2024-03-22,316,East,Home & Kitchen,2,111.21,Wallet,46.0,222.42,2024-03,2024,Friday
1018,2023-05-11,341,East,Clothing,8,78.95,UPI,32.0,631.6,2023-05,2023,Thursday
1886,2023-12-29,136,South,Clothing,9,134.71,Cash,51.0,1212.39,2023-12,2023,Friday
2439,2024-02-06,248,West,Books,5,256.73,Wallet,29.0,1283.65,2024-02,2024,Tuesday
1378,2023-04-14,453,South,Books,3,85.64,Cash,40.0,256.92,2023-04,2023,Friday
1829,2024-11-02,149,West,Books,5,142.24,Debit Card,44.0,711.2,2024-11,2024,Saturday
2459,2024-02-01,143,South,Sports,1,234.97,UPI,29.0,234.97,2024-02,2024,Thursday
2798,2024-12-14,2,West,Electronics,1,129.85,Credit Card,60.0,129.85,2024-12,2024,Saturday
2284,2024-09-23,427,West,Clothing,8,398.56,UPI,37.0,3188.48,2024-09,2024,Monday
1862,2023-09-14,407,West,Sports,5,5.39,Credit Card,24.0,26.95,2023-09,2023,Thursday
2003,2024-02-23,192,West,Books,4,446.58,Debit Card,50.0,1786.32,2024-02,2024,Friday
1055,2023-08-30,142,East,Electronics,4,24.58,Cash,55.0,98.32,2023-08,2023,Wednesday
1264,2023-09-20,167,East,Home & Kitchen,3,245.79,Wallet,44.0,737.37,2023-09,2023,Wednesday
1102,2023-05-09,213,East,Clothing,7,35.04,Credit Card,58.0,245.28,2023-05,2023,Tuesday
1287,2024-09-19,143,North,Sports,9,233.59,Credit Card,61.0,2102.31,2024-09,2024,Thursday
2124,2024-01-13,70,North,Clothing,3,62.82,Credit Card,25.0,188.46,2024-01,2024,Saturday
1250,2024-05-25,170,West,Books,2,454.19,Credit Card,69.0,908.38,2024-05,2024,Saturday
2183,2023-12-08,117,South,Electronics,9,239.35,Cash,43.0,2154.15,2023-12,2023,Friday
2346,2023-01-11,129,South,Books,5,283.6,Cash,54.0,1418.0,2023-01,2023,Wednesday
2464,2024-03-01,117,West,Electronics,4,393.98,Debit Card,40.0,1575.92,2024-03,2024,Friday
2959,2023-07-23,305,West,Home & Kitchen,5,134.75,Credit Card,66.0,673.75,2023-07,2023,Sunday
1345,2024-04-21,444,North,Clothing,6,307.77,Debit Card,67.0,1846.62,2024-04,2024,Sunday
2925,2023-03-25,315,East,Home & Kitchen,1,204.76,Cash,26.0,204.76,2023-03,2023,Saturday
2964,2024-07-09,309,East,Books,6,472.06,Cash,32.0,2832.36,2024-07,2024,Tuesday
1562,2024-09-03,463,West,Home & Kitchen,5,100.76,Wallet,33.0,503.8,2024-09,2024,Tuesday
1442,2024-10-02,323,South,Sports,8,155.12,Cash,44.0,1240.96,2024-10,2024,Wednesday
1061,2024-03-30,446,South,Clothing,8,51.29,Credit Card,54.0,410.32,2024-03,2024,Saturday
1393,2024-05-26,400,South,Books,3,5.2,UPI,50.0,15.6,2024-05,2024,Sunday
1591,2023-08-11,124,North,Clothing,4,186.8,UPI,34.0,747.2,2023-08,2023,Friday
1529,2024-05-07,96,West,Books,4,128.7,Debit Card,58.0,514.8,2024-05,2024,Tuesday
1364,2023-11-19,172,West,Clothing,7,172.58,Wallet,27.0,1208.06,2023-11,2023,Sunday
2352,2023-11-06,269,West,Books,7,53.32,Debit Card,44.0,373.24,2023-11,2023,Monday
1211,2024-11-29,397,South,Electronics,4,383.73,Debit Card,64.0,1534.92,2024-11,2024,Friday
1282,2024-02-08,149,West,Electronics,7,481.37,UPI,57.0,3369.59,2024-02,2024,Thursday
2731,2024-06-22,445,West,Books,13,358.51,Wallet,64.0,4660.63,2024-06,2024,Saturday
1684,2024-07-19,444,East,Clothing,2,317.14,Credit Card,31.0,634.28,2024-07,2024,Friday
2267,2024-01-21,66,West,Books,2,482.09,Wallet,52.0,964.18,2024-01,2024,Sunday
1798,2023-12-01,183,South,Home & Kitchen,3,436.13,Credit Card,23.0,1308.39,2023-12,2023,Friday
2252,2023-01-07,213,North,Electronics,8,63.38,Debit Card,44.0,507.04,2023-01,2023,Saturday
2646,2024-11-30,214,East,Sports,4,478.18,Wallet,63.0,1912.72,2024-11,2024,Saturday
2089,2023-02-16,326,East,Home & Kitchen,2,24.1,Cash,63.0,48.2,2023-02,2023,Thursday
1702,2023-06-27,467,East,Books,5,78.31,UPI,55.0,391.55,2023-06,2023,Tuesday
1719,2023-01-10,152,West,Home & Kitchen,7,41.72,UPI,53.0,292.04,2023-01,2023,Tuesday
1325,2024-07-16,109,South,Clothing,2,273.17,Debit Card,20.0,546.34,2024-07,2024,Tuesday
1699,2024-10-09,343,South,Sports,6,23.66,UPI,40.0,141.96,2024-10,2024,Wednesday
2721,2024-05-21,1,West,Sports,8,9.72,Credit Card,69.0,77.76,2024-05,2024,Tuesday
1029,2023-11-10,193,South,Home & Kitchen,8,213.78,Credit Card,45.0,1710.24,2023-11,2023,Friday
2359,2023-11-08,247,North,Books,1,264.94,Wallet,18.0,264.94,2023-11,2023,Wednesday
1611,2023-07-13,183,South,Books,7,73.43,UPI,44.0,514.01,2023-07,2023,Thursday
1360,2023-07-10,342,North,Sports,4,9.61,Credit Card,18.0,38.44,2023-07,2023,Monday
2666,2023-11-20,142,West,Sports,7,72.44,UPI,44.0,507.08,2023-11,2023,Monday
2813,2024-03-03,301,West,Sports,6,305.08,Credit Card,23.0,1830.48,2024-03,2024,Sunday
1225,2024-11-02,263,East,Sports,4,227.32,Wallet,60.0,909.28,2024-11,2024,Saturday
1448,2023-04-28,466,South,Home & Kitchen,7,224.15,Cash,33.0,1569.05,2023-04,2023,Friday
2854,2023-12-22,48,West,Sports,9,433.53,UPI,29.0,3901.77,2023-12,2023,Friday
2732,2024-08-06,240,South,Electronics,4,431.31,Credit Card,44.0,1725.24,2024-08,2024,Tuesday
1856,2023-12-16,436,West,Sports,5,52.58,Cash,44.0,262.9,2023-12,2023,Saturday
2426,2023-09-07,139,North,Books,8,310.76,Wallet,55.0,2486.08,2023-09,2023,Thursday
2717,2023-03-25,333,North,Sports,8,382.59,UPI,56.0,3060.72,2023-03,2023,Saturday
2228,2023-01-08,424,North,Home & Kitchen,2,223.17,Credit Card,66.0,446.34,2023-01,2023,Sunday
2498,2023-05-26,84,North,Books,5,311.08,UPI,62.0,1555.4,2023-05,2023,Friday
1748,2024-11-07,480,East,Sports,9,485.75,UPI,45.0,4371.75,2024-11,2024,Thursday
2978,2023-02-04,383,East,Clothing,4,222.32,Cash,31.0,889.28,2023-02,2023,Saturday
2085,2023-06-06,129,East,Clothing,7,267.26,UPI,53.0,1870.82,2023-06,2023,Tuesday
1817,2024-10-24,405,East,Electronics,3,159.29,UPI,36.0,477.87,2024-10,2024,Thursday
2295,2023-10-08,164,West,Home & Kitchen,9,184.78,Debit Card,60.0,1663.02,2023-10,2023,Sunday
1152,2024-06-24,432,North,Home & Kitchen,3,480.0,UPI,23.0,1440.0,2024-06,2024,Monday
1216,2024-07-19,241,South,Clothing,1,328.73,Wallet,19.0,328.73,2024-07,2024,Friday
1099,2023-03-06,310,East,Electronics,8,238.05,Debit Card,55.0,1904.4,2023-03,2023,Monday
2768,2023-03-13,225,North,Home & Kitchen,8,305.22,Debit Card,22.0,2441.76,2023-03,2023,Monday
1475,2023-12-07,336,West,Clothing,1,137.55,Cash,18.0,137.55,2023-12,2023,Thursday
2361,2024-07-01,283,North,Clothing,8,228.68,Debit Card,46.0,1829.44,2024-07,2024,Monday
2153,2024-08-24,199,West,Sports,6,208.2,Credit Card,47.0,1249.2,2024-08,2024,Saturday
2497,2023-11-20,334,North,Sports,9,227.32,Debit Card,44.0,2045.88,2023-11,2023,Monday
1013,2024-04-03,234,North,Home & Kitchen,5,235.42,Wallet,42.0,1177.1,2024-04,2024,Wednesday
2767,2024-12-21,113,North,Sports,2,231.23,Debit Card,48.0,462.46,2024-12,2024,Saturday
2414,2023-03-30,431,East,Electronics,7,295.96,Wallet,52.0,2071.72,2023-03,2023,Thursday
1168,2023-11-27,399,North,Electronics,4,271.16,Credit Card,67.0,1084.64,2023-11,2023,Monday
1603,2023-08-18,155,North,Sports,1,258.81,Cash,33.0,258.81,2023-08,2023,Friday
2079,2023-04-28,260,North,Electronics,4,143.04,Wallet,32.0,572.16,2023-04,2023,Friday
1189,2023-08-13,239,East,Home & Kitchen,7,455.86,Credit Card,45.0,3191.02,2023-08,2023,Sunday
2121,2023-05-07,106,North,Books,9,118.07,UPI,53.0,1062.63,2023-05,2023,Sunday
2084,2023-01-15,419,West,Books,2,246.03,Debit Card,66.0,492.06,2023-01,2023,Sunday
1044,2024-05-19,76,North,Sports,9,149.47,Credit Card,47.0,1345.23,2024-05,2024,Sunday
2115,2024-09-07,120,West,Books,9,392.09,Debit Card,26.0,3528.81,2024-09,2024,Saturday
1010,2024-04-11,308,North,Clothing,4,384.78,Debit Card,58.0,1539.12,2024-04,2024,Thursday
2364,2023-09-01,131,North,Electronics,8,52.97,Cash,34.0,423.76,2023-09,2023,Friday
1148,2024-02-11,300,North,Sports,1,181.42,Wallet,68.0,181.42,2024-02,2024,Sunday
1747,2024-07-18,111,East,Clothing,5,373.49,Credit Card,36.0,1867.45,2024-07,2024,Thursday
1014,2023-03-29,380,North,Sports,3,471.88,Debit Card,43.0,1415.64,2023-03,2023,Wednesday
1390,2024-11-15,400,North,Books,1,131.86,Wallet,30.0,131.86,2024-11,2024,Friday
2702,2023-09-28,17,East,Electronics,9,147.0,UPI,24.0,1323.0,2023-09,2023,Thursday
1986,2024-05-25,188,North,Electronics,2,208.21,Debit Card,41.0,416.42,2024-05,2024,Saturday
1745,2024-03-12,138,South,Clothing,1,226.96,Wallet,42.0,226.96,2024-03,2024,Tuesday
2516,2023-03-03,284,South,Books,6,246.03,Debit Card,46.0,1476.18,2023-03,2023,Friday
2222,2023-03-28,125,North,Books,7,295.0,Debit Card,60.0,2065.0,2023-03,2023,Tuesday
1743,2024-12-09,8,West,Electronics,3,201.61,Debit Card,37.0,604.83,2024-12,2024,Monday
2762,2023-12-10,147,South,Electronics,2,22.23,Credit Card,45.0,44.46,2023-12,2023,Sunday
1453,2023-09-29,427,East,Home & Kitchen,3,352.92,Wallet,63.0,1058.76,2023-09,2023,Friday
1607,2023-06-17,455,North,Sports,8,11.32,Debit Card,51.0,90.56,2023-06,2023,Saturday
1893,2024-04-29,261,East,Home & Kitchen,6,358.09,Wallet,49.0,2148.54,2024-04,2024,Monday
1968,2023-06-22,4,South,Clothing,6,194.62,UPI,58.0,1167.72,2023-06,2023,Thursday
1899,2023-03-27,224,West,Home & Kitchen,7,360.92,UPI,49.0,2526.44,2023-03,2023,Monday
2539,2024-11-19,320,South,Books,6,193.08,Credit Card,22.0,1158.48,2024-11,2024,Tuesday
2381,2023-02-11,134,East,Sports,4,227.32,Credit Card,37.0,909.28,2023-02,2023,Saturday
1952,2023-01-06,469,North,Books,3,208.87,Wallet,32.0,626.61,2023-01,2023,Friday
2782,2024-01-27,331,West,Sports,1,117.75,Credit Card,32.0,117.75,2024-01,2024,Saturday
2926,2023-05-10,125,East,Home & Kitchen,2,72.8,Wallet,47.0,145.6,2023-05,2023,Wednesday
2103,2023-05-14,414,North,Home & Kitchen,8,453.4,Cash,32.0,3627.2,2023-05,2023,Sunday
2688,2023-02-02,245,South,Home & Kitchen,9,387.16,Cash,51.0,3484.44,2023-02,2023,Thursday
2578,2023-06-25,50,North,Home & Kitchen,1,63.15,Cash,26.0,63.15,2023-06,2023,Sunday
1026,2023-10-04,86,North,Clothing,6,404.32,UPI,44.0,2425.92,2023-10,2023,Wednesday
2383,2023-02-08,60,South,Home & Kitchen,8,313.26,Credit Card,18.0,2506.08,2023-02,2023,Wednesday
2480,2023-09-02,134,East,Books,7,415.87,Cash,53.0,2911.09,2023-09,2023,Saturday
1480,2023-12-23,399,South,Home & Kitchen,1,168.01,Cash,22.0,168.01,2023-12,2023,Saturday
2189,2023-11-23,289,South,Sports,7,278.16,UPI,25.0,1947.12,2023-11,2023,Thursday
1116,2023-02-10,497,East,Sports,9,217.58,Credit Card,25.0,1958.22,2023-02,2023,Friday
1025,2023-07-11,495,South,Sports,5,448.64,Cash,23.0,2243.2,2023-07,2023,Tuesday
1371,2024-09-17,286,East,Clothing,3,453.26,Wallet,50.0,1359.78,2024-09,2024,Tuesday
2150,2024-07-28,472,South,Home & Kitchen,8,251.45,Wallet,45.0,2011.6,2024-07,2024,Sunday
2042,2023-01-23,400,East,Books,4,271.06,UPI,19.0,1084.24,2023-01,2023,Monday
1650,2024-01-22,282,South,Sports,1,187.84,Wallet,36.0,187.84,2024-01,2024,Monday
1454,2023-07-08,143,North,Sports,8,38.67,UPI,48.0,309.36,2023-07,2023,Saturday
1097,2023-06-06,129,West,Sports,4,184.28,Wallet,48.0,737.12,2023-06,2023,Tuesday
2347,2024-05-26,63,East,Clothing,6,160.12,Wallet,58.0,960.72,2024-05,2024,Sunday
1993,2023-06-21,406,North,Sports,9,315.49,Debit Card,20.0,2839.41,2023-06,2023,Wednesday
2470,2024-02-18,401,East,Home & Kitchen,6,411.68,UPI,40.0,2470.08,2024-02,2024,Sunday
1100,2024-06-04,455,South,Clothing,4,103.47,UPI,39.0,413.88,2024-06,2024,Tuesday
2882,2024-01-17,427,West,Books,9,129.46,Credit Card,21.0,1165.14,2024-01,2024,Wednesday
2518,2023-06-02,173,South,Home & Kitchen,2,299.55,Credit Card,50.0,599.1,2023-06,2023,Friday
1805,2023-07-03,473,West,Electronics,2,291.05,Cash,53.0,582.1,2023-07,2023,Monday
1358,2024-11-30,58,South,Clothing,2,473.98,Wallet,35.0,947.96,2024-11,2024,Saturday
1859,2024-07-26,95,West,Home & Kitchen,7,273.48,UPI,32.0,1914.36,2024-07,2024,Friday
1595,2023-08-03,63,South,Home & Kitchen,6,194.85,Credit Card,68.0,1169.1,2023-08,2023,Thursday
2645,2023-08-11,262,East,Books,7,129.84,Wallet,49.0,908.88,2023-08,2023,Friday
2991,2023-09-08,483,East,Electronics,3,409.47,UPI,45.0,1228.41,2023-09,2023,Friday
2029,2024-07-27,148,East,Books,9,443.04,UPI,29.0,3987.36,2024-07,2024,Saturday
1588,2023-02-11,221,West,Sports,9,116.48,Wallet,34.0,1048.32,2023-02,2023,Saturday
2898,2023-07-05,204,North,Clothing,3,202.29,UPI,55.0,606.87,2023-07,2023,Wednesday
2739,2024-08-13,453,West,Electronics,9,239.35,Debit Card,44.0,2154.15,2024-08,2024,Tuesday
1796,2023-06-15,424,North,Sports,3,323.19,Debit Card,42.0,969.57,2023-06,2023,Thursday
1271,2023-09-11,481,West,Sports,2,70.62,Debit Card,40.0,141.24,2023-09,2023,Monday
1119,2023-07-20,102,South,Books,5,20.38,Credit Card,44.0,101.9,2023-07,2023,Thursday
1118,2023-05-15,428,South,Home & Kitchen,4,82.9,UPI,38.0,331.6,2023-05,2023,Monday
2110,2023-08-06,391,North,Books,1,104.17,Debit Card,44.0,104.17,2023-08,2023,Sunday
2939,2023-10-14,87,West,Sports,5,65.84,Credit Card,33.0,329.2,2023-10,2023,Saturday
2577,2023-09-08,494,North,Clothing,7,430.04,Credit Card,49.0,3010.28,2023-09,2023,Friday
1700,2024-11-28,344,North,Electronics,8,239.35,Credit Card,59.0,1914.8,2024-11,2024,Thursday
2017,2023-11-16,251,North,Sports,1,200.07,UPI,53.0,200.07,2023-11,2023,Thursday
2432,2024-11-18,212,East,Books,4,355.79,Debit Card,29.0,1423.16,2024-11,2024,Monday
2941,2023-01-10,196,North,Clothing,4,203.97,Debit Card,29.0,815.88,2023-01,2023,Tuesday
1165,2024-09-11,303,East,Books,7,418.88,Credit Card,26.0,2932.16,2024-09,2024,Wednesday
1604,2024-06-02,92,East,Books,9,202.13,Debit Card,34.0,1819.17,2024-06,2024,Sunday
2510,2024-12-10,110,North,Sports,5,259.89,Credit Card,44.0,1299.45,2024-12,2024,Tuesday
2826,2024-11-20,284,East,Books,6,481.62,UPI,44.0,2889.72,2024-11,2024,Wednesday
1466,2023-08-08,429,West,Sports,1,29.64,Cash,37.0,29.64,2023-08,2023,Tuesday
2173,2024-10-23,403,North,Books,3,354.01,UPI,66.0,1062.03,2024-10,2024,Wednesday
2200,2024-04-21,86,South,Electronics,8,220.62,Credit Card,56.0,1764.96,2024-04,2024,Sunday
1143,2024-07-28,133,South,Sports,8,99.8,Wallet,64.0,798.4,2024-07,2024,Sunday
1667,2023-08-01,397,South,Clothing,2,178.73,Debit Card,57.0,357.46,2023-08,2023,Tuesday
1114,2024-05-04,305,North,Electronics,9,422.05,UPI,55.0,3798.45,2024-05,2024,Saturday
2088,2023-06-06,100,North,Clothing,8,255.34,UPI,32.0,2042.72,2023-06,2023,Tuesday
2938,2023-10-30,35,North,Sports,2,25.05,Credit Card,54.0,50.1,2023-10,2023,Monday
1379,2024-01-28,333,West,Electronics,6,407.14,Credit Card,60.0,2442.84,2024-01,2024,Sunday
1064,2023-02-04,498,East,Clothing,8,474.07,Debit Card,28.0,3792.56,2023-02,2023,Saturday
2170,2023-06-26,421,North,Books,2,489.97,Cash,40.0,979.94,2023-06,2023,Monday
1652,2023-07-09,34,West,Sports,3,282.37,Wallet,36.0,847.11,2023-07,2023,Sunday
1187,2023-11-14,27,North,Clothing,2,127.25,Debit Card,69.0,254.5,2023-11,2023,Tuesday
1705,2024-12-04,428,West,Clothing,4,88.46,UPI,53.0,353.84,2024-12,2024,Wednesday
1295,2023-04-22,78,North,Sports,5,30.72,Credit Card,56.0,153.6,2023-04,2023,Saturday
1057,2024-07-18,304,West,Books,7,326.33,Credit Card,34.0,2284.31,2024-07,2024,Thursday
1316,2024-11-18,188,West,Clothing,7,298.32,Wallet,49.0,2088.24,2024-11,2024,Monday
1131,2024-04-06,85,South,Home & Kitchen,6,97.45,Cash,44.0,584.7,2024-04,2024,Saturday
2289,2023-04-25,268,East,Home & Kitchen,7,392.73,Debit Card,39.0,2749.11,2023-04,2023,Tuesday
1190,2023-08-22,156,East,Books,9,471.94,Debit Card,53.0,4247.46,2023-08,2023,Tuesday
1028,2024-04-04,290,West,Sports,3,163.43,Credit Card,43.0,490.29,2024-04,2024,Thursday
1526,2023-07-15,12,South,Electronics,7,85.44,Cash,55.0,598.08,2023-07,2023,Saturday
1937,2024-05-17,312,South,Clothing,8,255.34,Wallet,51.0,2042.72,2024-05,2024,Friday
1763,2023-02-03,292,North,Home & Kitchen,9,491.88,Debit Card,28.0,4426.92,2023-02,2023,Friday
2871,2024-03-20,321,South,Home & Kitchen,6,212.29,Debit Card,53.0,1273.74,2024-03,2024,Wednesday
2800,2023-01-02,166,West,Home & Kitchen,7,473.85,Wallet,44.0,3316.95,2023-01,2023,Monday
2637,2023-08-12,162,East,Home & Kitchen,5,300.11,Cash,18.0,1500.55,2023-08,2023,Saturday
1755,2024-04-01,360,East,Clothing,9,327.05,Cash,53.0,2943.45,2024-04,2024,Monday
2592,2024-11-28,324,East,Electronics,2,138.84,Credit Card,58.0,277.68,2024-11,2024,Thursday
2187,2023-12-26,327,South,Home & Kitchen,7,223.17,Debit Card,25.0,1562.19,2023-12,2023,Tuesday
1267,2024-09-15,146,East,Sports,6,315.0,UPI,65.0,1890.0,2024-09,2024,Sunday
1900,2024-04-18,320,East,Clothing,8,254.42,Debit Card,50.0,2035.36,2024-04,2024,Thursday
2799,2023-08-30,93,North,Clothing,6,406.31,UPI,44.0,2437.86,2023-08,2023,Wednesday
1076,2024-12-30,77,South,Home & Kitchen,5,72.57,Debit Card,62.0,362.85,2024-12,2024,Monday
2460,2024-12-22,191,West,Home & Kitchen,8,373.46,UPI,44.0,2987.68,2024-12,2024,Sunday
2406,2023-03-22,190,North,Books,6,257.32,Cash,59.0,1543.92,2023-03,2023,Wednesday
1857,2023-04-17,283,East,Home & Kitchen,3,215.16,Debit Card,21.0,645.48,2023-04,2023,Monday
2279,2023-12-30,436,West,Electronics,6,129.87,Debit Card,55.0,779.22,2023-12,2023,Saturday
1846,2024-06-29,345,West,Books,8,115.51,UPI,64.0,924.08,2024-06,2024,Saturday
1770,2024-11-04,378,South,Sports,2,227.76,Wallet,27.0,455.52,2024-11,2024,Monday
2623,2024-03-01,132,North,Electronics,6,239.35,Wallet,67.0,1436.1,2024-03,2024,Friday
2332,2024-04-20,101,South,Books,4,468.79,Debit Card,57.0,1875.16,2024-04,2024,Saturday
2234,2023-08-17,192,South,Clothing,2,401.58,Wallet,24.0,803.16,2023-08,2023,Thursday
1181,2023-09-16,381,South,Electronics,3,265.99,Cash,44.0,797.97,2023-09,2023,Saturday
2320,2024-08-21,363,West,Electronics,2,437.33,UPI,45.0,874.66,2024-08,2024,Wednesday
1673,2024-06-15,393,South,Home & Kitchen,7,494.66,Cash,25.0,3462.62,2024-06,2024,Saturday
2512,2023-11-15,387,West,Clothing,2,333.14,UPI,63.0,666.28,2023-11,2023,Wednesday
1377,2024-01-21,36,West,Books,3,432.07,Wallet,51.0,1296.21,2024-01,2024,Sunday
1670,2024-11-06,192,East,Sports,2,99.98,Credit Card,28.0,199.96,2024-11,2024,Wednesday
1024,2024-01-21,5,East,Clothing,9,248.41,Debit Card,61.0,2235.69,2024-01,2024,Sunday
1347,2024-01-08,428,East,Sports,4,358.78,Credit Card,42.0,1435.12,2024-01,2024,Monday
2667,2023-07-11,291,East,Home & Kitchen,4,444.34,UPI,40.0,1777.36,2023-07,2023,Tuesday
2505,2023-12-10,102,West,Electronics,6,197.13,Cash,29.0,1182.78,2023-12,2023,Sunday
2747,2024-06-19,431,South,Books,8,53.37,UPI,38.0,426.96,2024-06,2024,Wednesday
1009,2023-05-02,301,East,Sports,9,136.47,Cash,38.0,1228.23,2023-05,2023,Tuesday
1229,2024-03-14,376,South,Electronics,9,445.43,UPI,18.0,4008.87,2024-03,2024,Thursday
1490,2024-05-30,466,South,Clothing,3,353.72,Wallet,56.0,1061.16,2024-05,2024,Thursday
1214,2024-10-03,447,West,Electronics,8,325.81,Cash,33.0,2606.48,2024-10,2024,Thursday
2602,2023-06-17,431,North,Electronics,5,224.58,Debit Card,30.0,1122.9,2023-06,2023,Saturday
1579,2024-04-13,260,East,Home & Kitchen,5,62.56,UPI,28.0,312.8,2024-04,2024,Saturday
1450,2024-08-23,262,West,Home & Kitchen,8,126.77,Cash,30.0,1014.16,2024-08,2024,Friday
1758,2024-11-15,450,West,Clothing,6,451.08,Debit Card,30.0,2706.48,2024-11,2024,Friday
1016,2023-04-10,8,West,Home & Kitchen,6,107.4,Credit Card,62.0,644.4,2023-04,2023,Monday
2915,2024-01-10,154,South,Sports,2,238.52,Cash,31.0,477.04,2024-01,2024,Wednesday
2807,2023-06-15,425,East,Electronics,1,356.42,UPI,39.0,356.42,2023-06,2023,Thursday
2532,2023-08-06,437,South,Electronics,1,293.75,Credit Card,51.0,293.75,2023-08,2023,Sunday
2634,2024-08-11,492,East,Electronics,2,80.92,Wallet,31.0,161.84,2024-08,2024,Sunday
2190,2023-05-21,81,East,Sports,9,227.32,Credit Card,36.0,2045.88,2023-05,2023,Sunday
2627,2024-03-12,28,North,Books,7,280.03,Debit Card,27.0,1960.21,2024-03,2024,Tuesday
1547,2023-02-06,467,East,Electronics,6,95.0,Debit Card,23.0,570.0,2023-02,2023,Monday
2178,2023-03-25,396,South,Home & Kitchen,2,435.75,Debit Card,57.0,871.5,2023-03,2023,Saturday
1631,2024-03-20,493,East,Electronics,7,417.28,Wallet,68.0,2920.96,2024-03,2024,Wednesday
1355,2023-06-30,67,West,Sports,6,486.17,Credit Card,64.0,2917.02,2023-06,2023,Friday
2318,2024-01-13,283,North,Electronics,2,262.48,Wallet,66.0,524.96,2024-01,2024,Saturday
1208,2024-09-04,108,East,Home & Kitchen,8,280.57,Credit Card,29.0,2244.56,2024-09,2024,Wednesday
1936,2024-08-04,70,North,Books,5,361.13,Cash,43.0,1805.65,2024-08,2024,Sunday
1756,2023-01-01,409,North,Sports,2,445.4,Wallet,19.0,890.8,2023-01,2023,Sunday
2099,2024-10-21,152,West,Sports,2,448.07,UPI,38.0,896.14,2024-10,2024,Monday
1417,2023-09-21,406,South,Books,8,145.34,Credit Card,63.0,1162.72,2023-09,2023,Thursday
2449,2023-04-08,247,North,Electronics,3,250.02,Cash,36.0,750.06,2023-04,2023,Saturday
2082,2023-08-04,295,East,Books,7,303.49,Debit Card,62.0,2124.43,2023-08,2023,Friday
2822,2024-07-06,409,South,Sports,8,135.58,UPI,41.0,1084.64,2024-07,2024,Saturday
1717,2024-12-09,408,West,Home & Kitchen,4,366.69,Credit Card,65.0,1466.76,2024-12,2024,Monday
1443,2023-02-27,180,North,Electronics,6,184.48,Cash,47.0,1106.88,2023-02,2023,Monday
2117,2024-04-04,336,North,Electronics,8,229.36,Wallet,31.0,1834.88,2024-04,2024,Thursday
2281,2024-08-15,89,North,Electronics,3,412.78,Cash,49.0,1238.34,2024-08,2024,Thursday
1537,2024-01-29,316,North,Clothing,6,485.48,Credit Card,44.0,2912.88,2024-01,2024,Monday
1349,2023-04-09,160,North,Books,9,456.57,UPI,31.0,4109.13,2023-04,2023,Sunday
1675,2024-02-06,129,South,Books,7,28.11,UPI,44.0,196.77,2024-02,2024,Tuesday
1404,2024-07-28,104,North,Books,4,217.94,Debit Card,58.0,871.76,2024-07,2024,Sunday
1363,2023-09-13,215,East,Clothing,3,274.22,Credit Card,27.0,822.66,2023-09,2023,Wednesday
1027,2023-06-10,175,East,Home & Kitchen,3,6.81,UPI,62.0,20.43,2023-06,2023,Saturday
2309,2023-05-26,468,East,Clothing,6,51.91,UPI,53.0,311.46,2023-05,2023,Friday
2193,2024-12-23,61,East,Home & Kitchen,6,89.03,UPI,40.0,534.18,2024-12,2024,Monday
1178,2023-10-10,275,East,Sports,4,106.57,Cash,46.0,426.28,2023-10,2023,Tuesday
2962,2024-05-11,365,East,Clothing,2,361.61,Debit Card,44.0,723.22,2024-05,2024,Saturday
2430,2024-06-02,419,North,Home & Kitchen,8,395.2,Wallet,43.0,3161.6,2024-06,2024,Sunday
2924,2023-08-19,262,North,Books,1,221.45,Credit Card,48.0,221.45,2023-08,2023,Saturday
2226,2024-01-26,344,West,Books,8,46.1,Credit Card,23.0,368.8,2024-01,2024,Friday
1253,2024-12-11,208,South,Electronics,7,440.33,Wallet,41.0,3082.31,2024-12,2024,Wednesday
1415,2024-03-19,84,East,Electronics,1,254.51,Debit Card,47.0,254.51,2024-03,2024,Tuesday
1559,2024-11-29,253,North,Sports,8,334.56,Cash,47.0,2676.48,2024-11,2024,Friday
1554,2023-03-03,345,East,Electronics,1,237.24,Credit Card,18.0,237.24,2023-03,2023,Friday
1194,2024-11-02,106,West,Books,3,69.85,UPI,44.0,209.55,2024-11,2024,Saturday
2158,2024-02-22,376,North,Clothing,7,264.6,UPI,22.0,1852.2,2024-02,2024,Thursday
2306,2024-01-09,210,North,Electronics,5,121.82,Debit Card,21.0,609.1,2024-01,2024,Tuesday
2049,2024-09-07,107,West,Sports,8,208.43,Debit Card,44.0,1667.44,2024-09,2024,Saturday
1446,2023-06-04,154,West,Sports,8,24.45,Cash,32.0,195.6,2023-06,2023,Sunday
2188,2024-07-14,86,South,Clothing,8,242.92,Debit Card,62.0,1943.36,2024-07,2024,Sunday
2345,2023-10-23,16,West,Books,7,255.74,UPI,48.0,1790.18,2023-10,2023,Monday
2012,2023-05-17,481,East,Sports,6,277.06,Debit Card,49.0,1662.36,2023-05,2023,Wednesday
2481,2024-11-27,251,East,Electronics,2,29.39,Cash,32.0,58.78,2024-11,2024,Wednesday
1452,2023-08-25,406,South,Home & Kitchen,2,243.77,Cash,59.0,487.54,2023-08,2023,Friday
2968,2024-09-11,387,West,Clothing,5,460.5,Credit Card,21.0,2302.5,2024-09,2024,Wednesday
1465,2023-10-12,82,North,Home & Kitchen,7,120.86,Credit Card,26.0,846.02,2023-10,2023,Thursday
1703,2024-06-23,69,North,Clothing,5,374.43,UPI,52.0,1872.15,2024-06,2024,Sunday
1459,2023-03-17,490,West,Books,4,288.88,Wallet,28.0,1155.52,2023-03,2023,Friday
2392,2024-06-07,213,West,Electronics,6,239.35,Wallet,66.0,1436.1,2024-06,2024,Friday
1962,2024-03-16,57,West,Clothing,6,107.07,Debit Card,45.0,642.42,2024-03,2024,Saturday
1839,2024-02-09,236,West,Books,9,421.19,Wallet,27.0,3790.71,2024-02,2024,Friday
2724,2024-06-10,19,South,Home & Kitchen,6,371.45,UPI,26.0,2228.7,2024-06,2024,Monday
1370,2024-11-16,471,West,Books,6,410.62,Credit Card,18.0,2463.72,2024-11,2024,Saturday
1485,2023-08-11,130,South,Home & Kitchen,2,381.43,Wallet,49.0,762.86,2023-08,2023,Friday
1904,2024-06-08,473,West,Electronics,9,170.44,Wallet,27.0,1533.96,2024-06,2024,Saturday
2603,2023-04-02,424,North,Clothing,1,89.7,UPI,34.0,89.7,2023-04,2023,Sunday
1308,2023-10-04,374,East,Electronics,3,109.21,UPI,59.0,327.63,2023-10,2023,Wednesday
1286,2024-11-03,293,East,Clothing,6,261.57,Cash,37.0,1569.42,2024-11,2024,Sunday
1638,2023-05-06,164,East,Home & Kitchen,4,305.31,Credit Card,47.0,1221.24,2023-05,2023,Saturday
2369,2023-07-20,418,North,Books,6,80.57,UPI,51.0,483.42,2023-07,2023,Thursday
2576,2023-11-24,64,South,Sports,1,284.71,Credit Card,42.0,284.71,2023-11,2023,Friday
1716,2023-09-13,435,North,Sports,5,211.64,UPI,45.0,1058.2,2023-09,2023,Wednesday
2270,2023-04-29,254,West,Home & Kitchen,7,64.53,UPI,52.0,451.71,2023-04,2023,Saturday
1759,2024-12-17,463,West,Electronics,8,376.58,Cash,68.0,3012.64,2024-12,2024,Tuesday
2009,2023-11-30,183,North,Electronics,9,27.16,Cash,30.0,244.44,2023-11,2023,Thursday
1644,2023-02-27,191,North,Sports,4,306.69,Cash,61.0,1226.76,2023-02,2023,Monday
2172,2023-03-04,305,East,Sports,7,25.28,Wallet,44.0,176.96,2023-03,2023,Saturday
1973,2023-04-28,229,East,Sports,4,235.02,Debit Card,20.0,940.08,2023-04,2023,Friday
1982,2024-10-15,158,West,Sports,5,396.18,Wallet,21.0,1980.9,2024-10,2024,Tuesday
1732,2023-08-05,211,East,Electronics,3,292.21,UPI,28.0,876.63,2023-08,2023,Saturday
1659,2023-05-14,233,East,Home & Kitchen,9,133.43,Debit Card,44.0,1200.87,2023-05,2023,Sunday
2397,2023-11-26,76,West,Electronics,8,185.72,Cash,25.0,1485.76,2023-11,2023,Sunday
1098,2023-01-15,344,East,Electronics,2,331.93,Debit Card,48.0,663.86,2023-01,2023,Sunday
2544,2024-05-04,142,East,Electronics,5,71.09,UPI,41.0,355.45,2024-05,2024,Saturday
2179,2023-12-27,445,South,Books,7,73.63,UPI,48.0,515.41,2023-12,2023,Wednesday
1830,2023-03-02,397,East,Books,4,498.36,Debit Card,35.0,1993.44,2023-03,2023,Thursday
1140,2024-07-07,154,North,Electronics,8,128.99,Credit Card,34.0,1031.92,2024-07,2024,Sunday
2348,2024-11-06,109,South,Books,4,151.08,Debit Card,58.0,604.32,2024-11,2024,Wednesday
2039,2024-11-21,359,East,Electronics,8,248.65,Wallet,23.0,1989.2,2024-11,2024,Thursday
2719,2024-03-28,46,West,Books,8,337.02,UPI,26.0,2696.16,2024-03,2024,Thursday
2437,2023-08-11,483,East,Home & Kitchen,9,172.19,Credit Card,52.0,1549.71,2023-08,2023,Friday
2490,2024-07-30,142,East,Electronics,5,407.28,Cash,44.0,2036.4,2024-07,2024,Tuesday
2354,2023-02-24,260,South,Sports,2,178.2,UPI,31.0,356.4,2023-02,2023,Friday
2197,2023-10-12,43,West,Home & Kitchen,7,170.02,Wallet,44.0,1190.14,2023-10,2023,Thursday
2980,2024-04-29,21,South,Clothing,1,460.46,Credit Card,65.0,460.46,2024-04,2024,Monday
1129,2024-06-30,265,North,Clothing,6,312.65,Credit Card,61.0,1875.9,2024-06,2024,Sunday
2824,2024-12-16,408,East,Sports,9,261.87,Cash,47.0,2356.83,2024-12,2024,Monday
2861,2024-08-16,408,South,Books,3,372.95,Wallet,25.0,1118.85,2024-08,2024,Friday
1789,2023-11-02,288,East,Sports,3,322.93,Wallet,29.0,968.79,2023-11,2023,Thursday
2378,2023-08-05,372,North,Home & Kitchen,3,457.04,Credit Card,33.0,1371.12,2023-08,2023,Saturday
1523,2024-02-22,68,North,Home & Kitchen,6,270.61,Credit Card,26.0,1623.66,2024-02,2024,Thursday
1265,2023-05-24,202,West,Electronics,8,370.58,UPI,26.0,2964.64,2023-05,2023,Wednesday
2675,2023-07-29,486,North,Books,8,259.25,UPI,35.0,2074.0,2023-07,2023,Saturday
1948,2023-02-09,227,East,Sports,8,453.44,Cash,44.0,3627.52,2023-02,2023,Thursday
2612,2023-06-19,26,East,Electronics,8,464.26,Debit Card,52.0,3714.08,2023-06,2023,Monday
1664,2023-06-22,42,East,Sports,5,421.02,Debit Card,58.0,2105.1,2023-06,2023,Thursday
1632,2023-07-01,213,South,Sports,2,66.92,Wallet,36.0,133.84,2023-07,2023,Saturday
1499,2024-11-05,164,East,Books,9,450.95,Wallet,19.0,4058.55,2024-11,2024,Tuesday
2668,2023-01-17,432,West,Clothing,1,238.03,Wallet,62.0,238.03,2023-01,2023,Tuesday
2344,2023-05-29,375,North,Home & Kitchen,2,192.83,Credit Card,67.0,385.66,2023-05,2023,Monday
2682,2024-11-06,404,East,Home & Kitchen,6,325.86,UPI,61.0,1955.16,2024-11,2024,Wednesday
2961,2023-11-01,162,East,Home & Kitchen,5,208.3,Debit Card,39.0,1041.5,2023-11,2023,Wednesday
1433,2024-10-18,66,North,Electronics,4,444.44,Cash,23.0,1777.76,2024-10,2024,Friday
2174,2024-10-27,371,West,Clothing,8,228.24,Credit Card,34.0,1825.92,2024-10,2024,Sunday
2409,2024-01-09,163,West,Clothing,4,18.09,Cash,64.0,72.36,2024-01,2024,Tuesday
1069,2023-01-02,161,East,Sports,9,158.47,Wallet,26.0,1426.23,2023-01,2023,Monday
1954,2024-04-12,488,East,Electronics,3,228.56,Credit Card,26.0,685.68,2024-04,2024,Friday
1689,2023-11-26,247,South,Electronics,3,406.25,UPI,47.0,1218.75,2023-11,2023,Sunday
2661,2023-02-06,93,South,Clothing,6,13.93,Cash,24.0,83.58,2023-02,2023,Monday
1849,2023-03-14,285,North,Clothing,8,492.83,Debit Card,40.0,3942.64,2023-03,2023,Tuesday
1574,2023-05-24,263,North,Home & Kitchen,8,173.13,Cash,44.0,1385.04,2023-05,2023,Wednesday
1335,2024-10-20,353,North,Books,2,95.87,UPI,52.0,191.74,2024-10,2024,Sunday
1339,2023-02-18,487,North,Sports,4,398.36,Credit Card,67.0,1593.44,2023-02,2023,Saturday
2125,2023-02-20,44,East,Home & Kitchen,4,140.21,Debit Card,41.0,560.84,2023-02,2023,Monday
1665,2023-05-29,21,North,Clothing,3,352.14,Wallet,61.0,1056.42,2023-05,2023,Monday
1384,2024-11-12,208,West,Home & Kitchen,7,163.73,Debit Card,41.0,1146.11,2024-11,2024,Tuesday
1056,2023-12-12,53,South,Clothing,5,204.5,UPI,38.0,1022.5,2023-12,2023,Tuesday
2897,2024-01-06,440,West,Sports,6,67.95,UPI,43.0,407.7,2024-01,2024,Saturday
1811,2023-02-22,172,West,Sports,5,267.29,Credit Card,68.0,1336.45,2023-02,2023,Wednesday
1721,2023-09-08,133,East,Clothing,5,420.8,UPI,62.0,2104.0,2023-09,2023,Friday
2556,2023-12-23,264,North,Books,3,62.85,Wallet,49.0,188.55,2023-12,2023,Saturday
1738,2024-05-25,442,East,Electronics,5,171.54,Debit Card,48.0,857.7,2024-05,2024,Saturday
2705,2023-05-10,307,South,Home & Kitchen,4,39.58,UPI,29.0,158.32,2023-05,2023,Wednesday
1171,2023-12-14,203,South,Sports,5,200.43,Cash,51.0,1002.15,2023-12,2023,Thursday
1174,2023-07-09,324,South,Books,5,466.66,Wallet,31.0,2333.3,2023-07,2023,Sunday
1977,2023-04-23,388,East,Books,8,249.54,Credit Card,69.0,1996.32,2023-04,2023,Sunday
1327,2023-10-10,36,West,Sports,4,227.32,Cash,34.0,909.28,2023-10,2023,Tuesday
1504,2024-09-04,336,South,Sports,4,64.88,Wallet,52.0,259.52,2024-09,2024,Wednesday
2021,2023-09-27,459,West,Books,9,254.27,Credit Card,68.0,2288.43,2023-09,2023,Wednesday
1410,2023-12-08,364,West,Books,8,287.3,Cash,69.0,2298.4,2023-12,2023,Friday
1916,2024-04-14,393,South,Clothing,3,174.26,Cash,45.0,522.78,2024-04,2024,Sunday
1298,2023-04-09,254,South,Sports,3,134.9,Wallet,66.0,404.7,2023-04,2023,Sunday
1902,2024-06-20,354,East,Home & Kitchen,9,128.23,Credit Card,35.0,1154.07,2024-06,2024,Thursday
2026,2024-01-14,401,South,Books,2,354.5,Cash,23.0,709.0,2024-01,2024,Sunday
2823,2024-01-05,279,South,Home & Kitchen,4,10.97,UPI,56.0,43.88,2024-01,2024,Friday
1858,2023-02-17,50,North,Books,1,467.17,Credit Card,18.0,467.17,2023-02,2023,Friday
1729,2023-06-26,139,East,Clothing,1,144.13,Wallet,44.0,144.13,2023-06,2023,Monday
1958,2023-04-28,38,North,Books,3,282.54,Debit Card,57.0,847.62,2023-04,2023,Friday
1672,2024-10-20,120,South,Clothing,7,297.5,UPI,31.0,2082.5,2024-10,2024,Sunday
1649,2023-01-01,117,West,Home & Kitchen,6,32.91,Credit Card,35.0,197.46,2023-01,2023,Sunday
2729,2024-05-06,109,South,Books,2,329.41,Wallet,25.0,658.82,2024-05,2024,Monday
2707,2023-03-25,423,South,Home & Kitchen,7,90.55,Debit Card,69.0,633.85,2023-03,2023,Saturday
2563,2024-10-10,120,East,Clothing,1,431.9,Cash,31.0,431.9,2024-10,2024,Thursday
2996,2023-02-08,484,North,Home & Kitchen,2,211.91,Cash,35.0,423.82,2023-02,2023,Wednesday
2773,2024-05-09,41,West,Sports,4,136.19,UPI,31.0,544.76,2024-05,2024,Thursday
1735,2024-09-01,28,East,Clothing,3,336.78,Cash,32.0,1010.34,2024-09,2024,Sunday
1532,2024-01-11,31,North,Home & Kitchen,3,288.34,Cash,55.0,865.02,2024-01,2024,Thursday
1408,2023-11-10,360,South,Clothing,6,380.4,Wallet,27.0,2282.4,2023-11,2023,Friday
1200,2024-05-11,77,West,Clothing,5,185.7,UPI,41.0,928.5,2024-05,2024,Saturday
1474,2024-03-07,67,West,Books,9,258.73,Cash,28.0,2328.57,2024-03,2024,Thursday
2233,2023-08-27,99,North,Home & Kitchen,6,28.47,Wallet,44.0,170.82,2023-08,2023,Sunday
2171,2023-10-12,472,North,Clothing,6,137.8,Debit Card,62.0,826.8,2023-10,2023,Thursday
1749,2024-12-14,368,South,Electronics,1,239.35,Wallet,18.0,239.35,2024-12,2024,Saturday
1766,2023-03-13,78,East,Clothing,3,166.68,Wallet,49.0,500.04,2023-03,2023,Monday
1217,2023-08-13,426,West,Sports,4,311.2,UPI,69.0,1244.8,2023-08,2023,Sunday
1254,2024-05-03,49,South,Electronics,7,207.96,Credit Card,43.0,1455.72,2024-05,2024,Friday
1153,2023-02-05,343,North,Books,6,397.37,Debit Card,44.0,2384.22,2023-02,2023,Sunday
2559,2024-09-08,125,North,Home & Kitchen,2,69.51,Wallet,26.0,139.02,2024-09,2024,Sunday
2572,2024-01-30,158,East,Clothing,8,328.74,Wallet,50.0,2629.92,2024-01,2024,Tuesday
1949,2023-08-17,154,South,Electronics,7,285.57,Credit Card,61.0,1998.99,2023-08,2023,Thursday
2272,2024-06-15,456,North,Electronics,5,324.2,Wallet,67.0,1621.0,2024-06,2024,Saturday
2790,2024-11-02,377,South,Home & Kitchen,6,219.69,Wallet,66.0,1318.14,2024-11,2024,Saturday
2927,2023-05-25,399,West,Electronics,3,255.85,Debit Card,37.0,767.55,2023-05,2023,Thursday
1736,2023-04-15,51,North,Books,9,98.01,Credit Card,44.0,882.09,2023-04,2023,Saturday
2636,2023-10-22,472,North,Clothing,1,5.2,Credit Card,38.0,5.2,2023-10,2023,Sunday
2835,2023-03-25,73,South,Electronics,3,254.69,Credit Card,56.0,764.07,2023-03,2023,Saturday
1531,2024-02-17,141,North,Clothing,1,346.85,Credit Card,58.0,346.85,2024-02,2024,Saturday
2157,2024-04-19,492,South,Electronics,1,117.68,Credit Card,63.0,117.68,2024-04,2024,Friday
2269,2024-04-15,248,South,Electronics,8,147.5,Debit Card,45.0,1180.0,2024-04,2024,Monday
1241,2023-07-20,393,East,Home & Kitchen,3,459.55,Cash,44.0,1378.65,2023-07,2023,Thursday
2139,2024-07-20,417,East,Home & Kitchen,8,24.66,Credit Card,45.0,197.28,2024-07,2024,Saturday
2514,2023-12-10,275,South,Electronics,8,132.68,Debit Card,23.0,1061.44,2023-12,2023,Sunday
1188,2024-11-07,157,North,Clothing,5,450.31,Cash,41.0,2251.55,2024-11,2024,Thursday
1247,2024-10-21,378,West,Books,7,37.59,Wallet,54.0,263.13,2024-10,2024,Monday
2954,2024-07-29,278,West,Sports,2,439.87,Wallet,44.0,879.74,2024-07,2024,Monday
2410,2024-12-10,180,West,Sports,7,171.1,Debit Card,60.0,1197.7,2024-12,2024,Tuesday
2730,2023-07-27,268,East,Electronics,7,212.09,Debit Card,49.0,1484.63,2023-07,2023,Thursday
1731,2023-03-04,399,West,Clothing,7,92.46,Credit Card,20.0,647.22,2023-03,2023,Saturday
1693,2024-01-08,214,South,Clothing,7,361.71,Wallet,65.0,2531.97,2024-01,2024,Monday
1303,2024-12-20,263,West,Electronics,7,376.11,UPI,25.0,2632.77,2024-12,2024,Friday
1284,2023-02-23,150,East,Sports,8,138.82,Wallet,45.0,1110.56,2023-02,2023,Thursday
2967,2024-12-19,435,South,Home & Kitchen,4,223.17,Debit Card,44.0,892.68,2024-12,2024,Thursday
1506,2024-07-30,238,West,Clothing,7,266.02,UPI,39.0,1862.14,2024-07,2024,Tuesday
2956,2023-05-01,69,South,Clothing,5,326.9,Wallet,38.0,1634.5,2023-05,2023,Monday
1322,2023-02-07,42,North,Books,2,254.94,Debit Card,43.0,509.88,2023-02,2023,Tuesday
2495,2024-01-11,147,East,Electronics,6,382.99,UPI,58.0,2297.94,2024-01,2024,Thursday
2277,2024-05-14,262,South,Electronics,9,460.93,UPI,37.0,4148.37,2024-05,2024,Tuesday
2855,2024-11-15,160,South,Clothing,2,363.59,Debit Card,44.0,727.18,2024-11,2024,Friday
1622,2024-10-18,314,South,Home & Kitchen,4,171.74,Cash,46.0,686.96,2024-10,2024,Friday
2128,2023-10-23,228,East,Clothing,1,454.68,Credit Card,64.0,454.68,2023-10,2023,Monday
2057,2024-07-07,365,West,Electronics,6,432.43,UPI,66.0,2594.58,2024-07,2024,Sunday
1123,2024-02-11,456,North,Sports,1,46.27,UPI,61.0,46.27,2024-02,2024,Sunday
1841,2024-10-06,203,South,Home & Kitchen,4,186.54,UPI,69.0,746.16,2024-10,2024,Sunday
1511,2023-10-12,425,North,Clothing,2,91.52,Wallet,52.0,183.04,2023-10,2023,Thursday
1281,2023-05-11,119,North,Electronics,1,56.46,Wallet,60.0,56.46,2023-05,2023,Thursday
2685,2024-04-04,90,East,Electronics,1,341.38,UPI,23.0,341.38,2024-04,2024,Thursday
2261,2023-10-12,168,North,Electronics,1,306.24,Cash,33.0,306.24,2023-10,2023,Thursday
2671,2024-12-05,312,North,Books,1,338.73,UPI,48.0,338.73,2024-12,2024,Thursday
2310,2023-05-08,454,West,Electronics,3,8.36,UPI,19.0,25.08,2023-05,2023,Monday
2047,2023-08-13,259,North,Sports,8,65.03,Wallet,44.0,520.24,2023-08,2023,Sunday
2528,2024-01-01,431,South,Sports,6,429.89,Cash,66.0,2579.34,2024-01,2024,Monday
1757,2023-02-20,329,East,Sports,9,223.02,Credit Card,35.0,2007.18,2023-02,2023,Monday
1678,2023-11-01,48,East,Books,5,415.67,Debit Card,61.0,2078.35,2023-11,2023,Wednesday
1519,2024-12-27,482,West,Sports,3,214.79,UPI,35.0,644.37,2024-12,2024,Friday
2806,2023-07-13,81,South,Electronics,2,76.13,Cash,68.0,152.26,2023-07,2023,Thursday
2529,2023-11-26,398,East,Clothing,4,478.63,Cash,42.0,1914.52,2023-11,2023,Sunday
1068,2024-01-23,73,North,Clothing,1,251.48,UPI,37.0,251.48,2024-01,2024,Tuesday
1333,2024-04-25,73,East,Home & Kitchen,3,223.17,Credit Card,63.0,669.51,2024-04,2024,Thursday
1569,2024-12-18,329,East,Clothing,6,68.07,UPI,31.0,408.42,2024-12,2024,Wednesday
1883,2023-01-07,128,North,Clothing,6,215.55,Debit Card,59.0,1293.3,2023-01,2023,Saturday
3000,2024-03-02,252,North,Books,9,458.96,Cash,59.0,4130.64,2024-03,2024,Saturday
2450,2023-05-11,343,North,Clothing,7,69.81,UPI,18.0,488.67,2023-05,2023,Thursday
2118,2023-12-22,400,South,Clothing,4,255.34,UPI,36.0,1021.36,2023-12,2023,Friday
1473,2024-04-18,134,East,Sports,4,247.21,UPI,57.0,988.84,2024-04,2024,Thursday
2593,2023-11-19,35,North,Home & Kitchen,7,402.75,Credit Card,32.0,2819.25,2023-11,2023,Sunday
1512,2024-02-01,390,East,Sports,5,493.61,Debit Card,48.0,2468.05,2024-02,2024,Thursday
1478,2023-10-16,14,West,Clothing,1,354.79,Wallet,56.0,354.79,2023-10,2023,Monday
2797,2024-11-03,117,South,Home & Kitchen,5,92.85,Credit Card,26.0,464.25,2024-11,2024,Sunday
2418,2024-05-03,441,South,Home & Kitchen,8,41.88,UPI,31.0,335.04,2024-05,2024,Friday
1319,2024-01-10,68,South,Home & Kitchen,2,304.51,UPI,63.0,609.02,2024-01,2024,Wednesday
1976,2024-06-15,55,North,Sports,2,416.92,Cash,44.0,833.84,2024-06,2024,Saturday
2742,2024-07-15,347,East,Electronics,2,496.62,UPI,20.0,993.24,2024-07,2024,Monday
2867,2023-02-28,7,East,Books,3,44.59,UPI,64.0,133.77,2023-02,2023,Tuesday
1582,2023-05-31,40,East,Clothing,6,137.6,Cash,49.0,825.6,2023-05,2023,Wednesday
1133,2023-01-05,328,South,Books,1,384.55,UPI,19.0,384.55,2023-01,2023,Thursday
2748,2024-01-13,215,North,Books,4,12.42,Credit Card,63.0,49.68,2024-01,2024,Saturday
1864,2024-09-16,44,South,Sports,5,48.35,Cash,61.0,241.75,2024-09,2024,Monday
2434,2024-12-27,272,North,Books,9,24.96,Cash,66.0,224.64,2024-12,2024,Friday
2239,2023-09-21,32,East,Electronics,1,386.35,Debit Card,49.0,386.35,2023-09,2023,Thursday
2977,2023-04-29,430,West,Sports,6,330.31,Wallet,45.0,1981.86,2023-04,2023,Saturday
1369,2023-11-19,354,South,Books,2,219.85,Cash,57.0,439.7,2023-11,2023,Sunday
1733,2024-11-19,391,South,Books,4,246.03,Cash,67.0,984.12,2024-11,2024,Tuesday
2380,2024-09-07,434,North,Home & Kitchen,1,461.12,Cash,28.0,461.12,2024-09,2024,Saturday
1126,2023-04-09,330,South,Sports,6,335.18,Wallet,37.0,2011.08,2023-04,2023,Sunday
2202,2023-05-24,17,West,Clothing,9,367.7,Cash,44.0,3309.3,2023-05,2023,Wednesday
1257,2023-12-04,293,South,Home & Kitchen,5,142.68,UPI,43.0,713.4,2023-12,2023,Monday
2994,2023-11-02,354,East,Sports,7,11.31,Wallet,27.0,79.17,2023-11,2023,Thursday
2126,2023-01-29,329,South,Electronics,6,108.71,UPI,25.0,652.26,2023-01,2023,Sunday
1290,2024-02-24,455,South,Sports,8,366.3,Cash,24.0,2930.4,2024-02,2024,Saturday
2299,2023-08-23,55,North,Clothing,3,101.42,Credit Card,58.0,304.26,2023-08,2023,Wednesday
1778,2024-02-05,140,West,Clothing,4,163.2,Cash,53.0,652.8,2024-02,2024,Monday
1082,2024-03-31,381,West,Sports,5,226.15,Wallet,44.0,1130.75,2024-03,2024,Sunday
1054,2023-01-14,464,East,Electronics,1,309.7,Wallet,44.0,309.7,2023-01,2023,Saturday
1928,2024-03-18,418,East,Sports,3,120.62,Wallet,44.0,361.86,2024-03,2024,Monday
2096,2023-10-19,57,West,Sports,3,141.07,Credit Card,39.0,423.21,2023-10,2023,Thursday
1558,2024-02-01,178,North,Home & Kitchen,6,333.55,Cash,22.0,2001.3,2024-02,2024,Thursday
1041,2024-07-16,303,South,Electronics,5,489.04,Cash,20.0,2445.2,2024-07,2024,Tuesday
2242,2023-03-29,20,East,Electronics,8,487.0,Debit Card,47.0,3896.0,2023-03,2023,Wednesday
1262,2023-10-25,100,South,Home & Kitchen,2,337.3,Wallet,65.0,674.6,2023-10,2023,Wednesday
2585,2023-04-24,357,North,Clothing,9,75.1,Credit Card,33.0,675.9,2023-04,2023,Monday
1931,2023-10-16,20,West,Electronics,5,65.91,Cash,38.0,329.55,2023-10,2023,Monday
1084,2024-12-27,494,North,Books,7,410.6,Wallet,44.0,2874.2,2024-12,2024,Friday
2700,2024-05-03,305,South,Books,4,199.62,UPI,42.0,798.48,2024-05,2024,Friday
2230,2024-03-18,444,North,Sports,5,227.32,Debit Card,64.0,1136.6,2024-03,2024,Monday
2574,2023-05-04,35,South,Sports,9,93.93,Cash,56.0,845.37,2023-05,2023,Thursday
1842,2023-08-21,256,West,Sports,8,122.35,Credit Card,46.0,978.8,2023-08,2023,Monday
1031,2023-09-10,119,South,Books,2,103.79,Wallet,32.0,207.58,2023-09,2023,Sunday
1514,2024-08-29,141,East,Home & Kitchen,9,345.28,Wallet,25.0,3107.52,2024-08,2024,Thursday
2016,2023-10-23,113,North,Sports,1,108.97,Cash,54.0,108.97,2023-10,2023,Monday
2313,2023-02-10,263,West,Sports,2,497.92,Debit Card,68.0,995.84,2023-02,2023,Friday
2698,2023-04-09,344,West,Clothing,9,226.84,Debit Card,41.0,2041.56,2023-04,2023,Sunday
2989,2023-08-30,280,West,Clothing,6,312.9,Debit Card,29.0,1877.4,2023-08,2023,Wednesday
2237,2024-08-31,49,East,Home & Kitchen,6,249.94,UPI,18.0,1499.64,2024-08,2024,Saturday
2321,2024-09-20,40,South,Clothing,1,200.52,Wallet,63.0,200.52,2024-09,2024,Friday
2827,2023-11-14,277,East,Clothing,2,296.79,Credit Card,48.0,593.58,2023-11,2023,Tuesday
2607,2024-11-11,174,East,Clothing,6,326.8,Cash,32.0,1960.8,2024-11,2024,Monday
2264,2024-05-28,26,North,Home & Kitchen,7,342.32,UPI,65.0,2396.24,2024-05,2024,Tuesday
2859,2023-10-15,380,North,Sports,3,145.63,Credit Card,18.0,436.89,2023-10,2023,Sunday
2899,2023-09-03,486,North,Electronics,8,89.23,UPI,68.0,713.84,2023-09,2023,Sunday
1049,2023-06-16,452,West,Books,8,208.91,Credit Card,57.0,1671.28,2023-06,2023,Friday
2207,2024-01-06,98,South,Sports,2,294.67,UPI,48.0,589.34,2024-01,2024,Saturday
2990,2023-08-04,125,North,Clothing,9,255.34,Cash,43.0,2298.06,2023-08,2023,Friday
1468,2023-02-16,158,West,Clothing,7,328.85,UPI,27.0,2301.95,2023-02,2023,Thursday
1154,2024-08-06,326,West,Clothing,1,255.34,Wallet,39.0,255.34,2024-08,2024,Tuesday
2590,2023-12-15,445,South,Electronics,8,481.28,Debit Card,20.0,3850.24,2023-12,2023,Friday
2900,2024-09-28,321,North,Clothing,6,131.09,UPI,53.0,786.54,2024-09,2024,Saturday
1395,2024-10-15,136,North,Clothing,9,44.23,UPI,49.0,398.07,2024-10,2024,Tuesday
1124,2024-07-27,110,West,Sports,8,464.61,Wallet,65.0,3716.88,2024-07,2024,Saturday
1356,2024-08-29,300,East,Sports,7,430.37,UPI,32.0,3012.59,2024-08,2024,Thursday
1135,2024-05-17,450,East,Electronics,4,191.52,UPI,69.0,766.08,2024-05,2024,Friday
1269,2023-01-02,164,West,Books,9,67.51,UPI,26.0,607.59,2023-01,2023,Monday
1386,2024-02-12,446,North,Sports,2,30.0,Cash,69.0,60.0,2024-02,2024,Monday
1610,2024-09-25,133,East,Sports,8,174.77,Wallet,38.0,1398.16,2024-09,2024,Wednesday
1221,2023-05-10,36,South,Electronics,7,462.0,Debit Card,48.0,3234.0,2023-05,2023,Wednesday
1042,2024-07-20,232,West,Home & Kitchen,5,104.28,Wallet,29.0,521.4,2024-07,2024,Saturday
1220,2024-09-29,440,East,Electronics,1,50.01,Debit Card,44.0,50.01,2024-09,2024,Sunday
1598,2024-10-08,191,North,Books,9,309.01,Cash,49.0,2781.09,2024-10,2024,Tuesday
2274,2023-09-13,97,South,Books,6,475.72,UPI,67.0,2854.32,2023-09,2023,Wednesday
2303,2024-03-17,432,North,Books,4,152.73,Cash,58.0,610.92,2024-03,2024,Sunday
1681,2024-02-19,10,North,Sports,7,207.42,UPI,24.0,1451.94,2024-02,2024,Monday
2135,2024-09-13,441,East,Sports,6,227.32,Cash,21.0,1363.92,2024-09,2024,Friday
2933,2024-03-24,125,North,Sports,5,496.05,Debit Card,44.0,2480.25,2024-03,2024,Sunday
1876,2023-08-04,23,North,Sports,1,89.78,UPI,39.0,89.78,2023-08,2023,Friday
1542,2024-07-01,43,South,Clothing,2,130.8,Credit Card,31.0,261.6,2024-07,2024,Monday
2065,2023-08-19,499,West,Sports,5,65.34,Debit Card,58.0,326.7,2023-08,2023,Saturday
1870,2023-02-25,353,East,Books,1,303.86,Wallet,61.0,303.86,2023-02,2023,Saturday
2879,2024-02-08,402,South,Clothing,6,55.01,Credit Card,33.0,330.06,2024-02,2024,Thursday
2907,2024-06-03,414,South,Sports,5,119.17,Cash,30.0,595.85,2024-06,2024,Monday
2122,2023-04-16,217,East,Sports,5,140.64,Wallet,56.0,703.2,2023-04,2023,Sunday
2588,2023-08-12,417,West,Sports,5,478.62,Debit Card,28.0,2393.1,2023-08,2023,Saturday
2308,2023-03-16,316,East,Clothing,3,24.96,Credit Card,49.0,74.88,2023-03,2023,Thursday
2147,2023-11-09,248,West,Sports,5,310.77,Credit Card,64.0,1553.85,2023-11,2023,Thursday
2107,2023-10-29,414,South,Home & Kitchen,3,379.95,Debit Card,27.0,1139.85,2023-10,2023,Sunday
2599,2023-08-04,8,South,Sports,4,12.56,Cash,24.0,50.24,2023-08,2023,Friday
2848,2024-06-20,335,North,Sports,9,442.26,Cash,25.0,3980.34,2024-06,2024,Thursday
2811,2023-05-23,321,South,Books,4,405.04,UPI,38.0,1620.16,2023-05,2023,Tuesday
2404,2023-12-05,248,North,Electronics,3,262.72,UPI,25.0,788.16,2023-12,2023,Tuesday
2847,2024-06-07,172,North,Electronics,2,347.3,Cash,35.0,694.6,2024-06,2024,Friday
2887,2024-08-30,395,East,Clothing,5,167.15,Cash,27.0,835.75,2024-08,2024,Friday
2620,2024-07-10,276,North,Books,2,406.1,UPI,46.0,812.2,2024-07,2024,Wednesday
2377,2024-10-02,265,South,Clothing,8,297.48,UPI,39.0,2379.84,2024-10,2024,Wednesday
1337,2024-06-30,70,West,Sports,4,206.29,Debit Card,44.0,825.16,2024-06,2024,Sunday
1233,2024-02-05,379,East,Electronics,2,239.35,Cash,39.0,478.7,2024-02,2024,Monday
2923,2024-05-18,306,West,Clothing,7,359.73,Wallet,43.0,2518.11,2024-05,2024,Saturday
2943,2024-09-21,201,East,Books,6,176.4,Cash,43.0,1058.4,2024-09,2024,Saturday
1159,2024-07-31,427,North,Home & Kitchen,7,80.35,Credit Card,19.0,562.45,2024-07,2024,Wednesday
1469,2023-04-04,216,South,Books,6,269.14,UPI,39.0,1614.84,2023-04,2023,Tuesday
2341,2023-10-19,12,West,Electronics,8,381.58,Debit Card,57.0,3052.64,2023-10,2023,Thursday
1873,2024-04-18,191,West,Books,5,154.11,Debit Card,30.0,770.55,2024-04,2024,Thursday
2641,2023-04-23,257,East,Sports,3,327.58,Credit Card,32.0,982.74,2023-04,2023,Sunday
2048,2024-05-17,461,North,Books,9,61.31,Wallet,40.0,551.79,2024-05,2024,Friday
2815,2023-11-13,474,North,Home & Kitchen,1,294.82,Debit Card,49.0,294.82,2023-11,2023,Monday
2420,2023-02-16,176,North,Sports,9,484.87,Cash,18.0,4363.83,2023-02,2023,Thursday
1586,2023-04-19,380,West,Clothing,8,305.84,Debit Card,39.0,2446.72,2023-04,2023,Wednesday
1206,2024-01-22,263,North,Clothing,9,289.12,UPI,39.0,2602.08,2024-01,2024,Monday
1004,2023-04-17,294,North,Sports,1,428.68,Wallet,58.0,428.68,2023-04,2023,Monday
1906,2023-01-25,405,South,Sports,7,173.82,Cash,50.0,1216.74,2023-01,2023,Wednesday
2839,2023-01-22,30,North,Clothing,6,363.17,UPI,40.0,2179.02,2023-01,2023,Sunday
2184,2024-04-20,196,West,Electronics,3,401.68,Wallet,40.0,1205.04,2024-04,2024,Saturday
2870,2023-02-04,56,South,Sports,9,301.68,Wallet,27.0,2715.12,2023-02,2023,Saturday
2738,2024-06-03,250,West,Sports,8,321.92,Credit Card,21.0,2575.36,2024-06,2024,Monday
2083,2024-11-26,498,South,Books,8,33.28,Cash,21.0,266.24,2024-11,2024,Tuesday
1694,2023-01-08,200,West,Clothing,9,252.65,UPI,30.0,2273.85,2023-01,2023,Sunday
2696,2023-10-12,233,East,Clothing,1,459.92,Credit Card,37.0,459.92,2023-10,2023,Thursday
2676,2023-11-02,49,North,Clothing,8,255.34,Cash,57.0,2042.72,2023-11,2023,Thursday
1715,2024-08-16,109,West,Home & Kitchen,2,339.19,UPI,23.0,678.38,2024-08,2024,Friday
1971,2023-11-22,3,East,Clothing,1,222.56,Credit Card,63.0,222.56,2023-11,2023,Wednesday
2151,2023-09-01,143,North,Home & Kitchen,4,421.7,Cash,30.0,1686.8,2023-09,2023,Friday
1884,2023-01-03,229,North,Clothing,8,127.37,Wallet,69.0,1018.96,2023-01,2023,Tuesday
2677,2023-09-27,302,South,Clothing,3,189.96,Wallet,60.0,569.88,2023-09,2023,Wednesday
2075,2024-08-20,261,South,Home & Kitchen,1,74.73,Debit Card,49.0,74.73,2024-08,2024,Tuesday
2129,2023-10-24,184,East,Sports,7,56.72,UPI,65.0,397.04,2023-10,2023,Tuesday
2601,2023-12-02,343,East,Home & Kitchen,7,144.56,Cash,55.0,1011.92,2023-12,2023,Saturday
2288,2024-12-21,267,North,Home & Kitchen,7,204.14,Credit Card,69.0,1428.98,2024-12,2024,Saturday
1158,2023-03-27,379,West,Clothing,2,194.82,Credit Card,53.0,389.64,2023-03,2023,Monday
2071,2024-02-15,49,East,Clothing,1,322.3,UPI,64.0,322.3,2024-02,2024,Thursday
1524,2023-04-25,173,West,Books,1,142.72,Wallet,33.0,142.72,2023-04,2023,Tuesday
1463,2023-03-27,42,North,Clothing,9,261.65,Wallet,59.0,2354.85,2023-03,2023,Monday
1653,2024-05-19,52,West,Electronics,8,365.66,UPI,41.0,2925.28,2024-05,2024,Sunday
1161,2024-07-10,21,North,Sports,7,145.72,Credit Card,25.0,1020.04,2024-07,2024,Wednesday
1306,2024-08-02,323,North,Clothing,9,495.88,UPI,44.0,4462.92,2024-08,2024,Friday
1657,2024-02-13,232,West,Books,3,276.07,Credit Card,40.0,828.21,2024-02,2024,Tuesday
1548,2024-01-04,287,North,Sports,2,47.53,Cash,44.0,95.06,2024-01,2024,Thursday
1714,2024-01-25,385,South,Books,6,269.6,Debit Card,38.0,1617.6,2024-01,2024,Thursday
1396,2024-04-15,468,North,Electronics,3,99.79,Debit Card,25.0,299.37,2024-04,2024,Monday
1784,2023-03-16,181,North,Sports,5,377.44,UPI,31.0,1887.2,2023-03,2023,Thursday
1400,2024-12-27,237,West,Sports,4,163.75,UPI,23.0,655.0,2024-12,2024,Friday
1799,2024-06-25,457,West,Sports,7,174.46,Credit Card,22.0,1221.22,2024-06,2024,Tuesday
1619,2023-12-31,149,South,Home & Kitchen,5,223.17,UPI,62.0,1115.85,2023-12,2023,Sunday
2564,2023-07-14,127,South,Home & Kitchen,7,480.94,Credit Card,44.0,3366.58,2023-07,2023,Friday
1509,2023-02-12,387,North,Electronics,5,49.16,Debit Card,28.0,245.8,2023-02,2023,Sunday
2391,2023-04-12,457,East,Home & Kitchen,9,95.81,Credit Card,59.0,862.29,2023-04,2023,Wednesday
1737,2023-04-09,491,North,Books,3,314.27,Credit Card,28.0,942.81,2023-04,2023,Sunday
2328,2023-09-25,416,South,Books,6,290.71,UPI,33.0,1744.26,2023-09,2023,Monday
2699,2024-02-01,37,East,Sports,7,140.83,Wallet,43.0,985.81,2024-02,2024,Thursday
2006,2024-08-03,173,East,Home & Kitchen,6,328.62,Credit Card,22.0,1971.72,2024-08,2024,Saturday
1868,2023-10-30,421,North,Home & Kitchen,1,334.31,Credit Card,62.0,334.31,2023-10,2023,Monday
1460,2023-06-03,12,South,Books,9,111.55,Debit Card,28.0,1003.95,2023-06,2023,Saturday
1972,2024-02-14,216,North,Home & Kitchen,8,38.28,Credit Card,32.0,306.24,2024-02,2024,Wednesday
1063,2024-05-23,450,East,Clothing,4,68.73,Credit Card,29.0,274.92,2024-05,2024,Thursday
2856,2024-09-22,313,South,Sports,8,204.89,Credit Card,45.0,1639.12,2024-09,2024,Sunday
1872,2024-06-09,3,West,Books,2,369.3,Debit Card,39.0,738.6,2024-06,2024,Sunday
1994,2023-01-13,152,North,Clothing,2,161.61,Wallet,28.0,323.22,2023-01,2023,Friday
2606,2024-07-24,76,North,Clothing,7,47.17,Cash,45.0,330.19,2024-07,2024,Wednesday
1458,2023-09-04,244,North,Sports,9,98.62,UPI,26.0,887.58,2023-09,2023,Monday
2909,2024-04-22,344,South,Clothing,4,172.79,UPI,44.0,691.16,2024-04,2024,Monday
1479,2023-09-11,73,West,Home & Kitchen,4,470.62,Cash,44.0,1882.48,2023-09,2023,Monday
2076,2024-06-05,356,West,Sports,7,314.35,Wallet,32.0,2200.45,2024-06,2024,Wednesday
2689,2024-10-07,433,South,Clothing,8,414.97,Credit Card,49.0,3319.76,2024-10,2024,Monday
1871,2024-12-26,184,North,Home & Kitchen,2,86.15,Wallet,29.0,172.3,2024-12,2024,Thursday
1791,2023-12-01,226,North,Home & Kitchen,9,312.62,UPI,48.0,2813.58,2023-12,2023,Friday
1618,2024-05-10,79,North,Books,9,301.64,Wallet,21.0,2714.76,2024-05,2024,Friday
2884,2023-06-01,479,East,Home & Kitchen,1,479.13,Cash,46.0,479.13,2023-06,2023,Thursday
2981,2023-02-28,300,East,Electronics,3,237.8,Cash,28.0,713.4,2023-02,2023,Tuesday
2905,2024-07-05,434,North,Home & Kitchen,1,67.55,UPI,31.0,67.55,2024-07,2024,Friday
2163,2023-07-01,314,West,Books,5,246.03,Wallet,46.0,1230.15,2023-07,2023,Saturday
2648,2023-12-31,210,North,Clothing,5,231.37,Credit Card,58.0,1156.85,2023-12,2023,Sunday
1348,2024-06-01,27,North,Electronics,8,469.16,Credit Card,43.0,3753.28,2024-06,2024,Saturday
2034,2024-02-06,198,South,Electronics,5,26.85,Credit Card,51.0,134.25,2024-02,2024,Tuesday
2216,2023-09-21,66,South,Electronics,3,475.55,UPI,45.0,1426.65,2023-09,2023,Thursday
2791,2024-04-07,39,South,Electronics,2,208.99,UPI,47.0,417.98,2024-04,2024,Sunday
1761,2024-03-24,451,South,Sports,2,303.59,Wallet,44.0,607.18,2024-03,2024,Sunday
1955,2023-03-16,359,West,Home & Kitchen,9,429.08,UPI,62.0,3861.72,2023-03,2023,Thursday
1447,2024-09-29,196,South,Home & Kitchen,5,329.18,Debit Card,32.0,1645.9,2024-09,2024,Sunday
1651,2023-12-14,196,North,Electronics,8,255.38,UPI,24.0,2043.04,2023-12,2023,Thursday
2314,2023-03-02,336,East,Sports,2,147.96,UPI,31.0,295.92,2023-03,2023,Thursday
2902,2024-10-04,388,West,Electronics,2,280.34,Debit Card,34.0,560.68,2024-10,2024,Friday
1380,2023-09-03,477,South,Home & Kitchen,6,427.43,Credit Card,67.0,2564.58,2023-09,2023,Sunday
1565,2023-08-21,83,North,Books,8,448.89,UPI,67.0,3591.12,2023-08,2023,Monday
2353,2023-04-08,162,East,Clothing,8,449.41,UPI,34.0,3595.28,2023-04,2023,Saturday
2765,2023-03-05,424,West,Clothing,5,405.44,Cash,24.0,2027.2,2023-03,2023,Sunday
2635,2024-06-07,194,South,Sports,1,368.0,UPI,39.0,368.0,2024-06,2024,Friday
1957,2024-10-07,202,South,Home & Kitchen,5,171.29,Wallet,53.0,856.45,2024-10,2024,Monday
2947,2023-12-27,59,North,Sports,6,181.83,Debit Card,56.0,1090.98,2023-12,2023,Wednesday
2625,2024-11-02,455,West,Electronics,9,489.11,Cash,65.0,4401.99,2024-11,2024,Saturday
1921,2024-07-07,314,West,Books,3,113.56,Cash,32.0,340.68,2024-07,2024,Sunday
1232,2023-03-05,47,North,Books,5,479.72,UPI,45.0,2398.6,2023-03,2023,Sunday
2229,2023-11-09,294,West,Books,8,294.45,UPI,28.0,2355.6,2023-11,2023,Thursday
1383,2024-04-21,311,North,Sports,1,452.46,Credit Card,30.0,452.46,2024-04,2024,Sunday
2280,2023-10-07,279,East,Books,5,269.44,Credit Card,57.0,1347.2,2023-10,2023,Saturday
2424,2024-02-05,325,West,Home & Kitchen,4,386.8,Cash,67.0,1547.2,2024-02,2024,Monday
1073,2024-04-21,269,North,Books,6,28.25,UPI,40.0,169.5,2024-04,2024,Sunday
1071,2024-07-19,89,North,Sports,6,434.24,Debit Card,20.0,2605.44,2024-07,2024,Friday
2351,2023-08-15,158,East,Sports,3,100.33,Debit Card,68.0,300.99,2023-08,2023,Tuesday
2840,2024-02-14,188,West,Books,5,246.03,UPI,35.0,1230.15,2024-02,2024,Wednesday
1172,2024-04-17,51,West,Sports,1,324.79,Credit Card,60.0,324.79,2024-04,2024,Wednesday
2091,2024-11-15,182,East,Books,1,160.89,Credit Card,20.0,160.89,2024-11,2024,Friday
1169,2024-10-01,281,South,Books,7,333.49,Credit Card,44.0,2334.43,2024-10,2024,Tuesday
1494,2024-11-05,450,West,Books,6,242.67,UPI,68.0,1456.02,2024-11,2024,Tuesday
2268,2024-12-07,409,West,Home & Kitchen,7,271.8,Credit Card,32.0,1902.6,2024-12,2024,Saturday
2045,2024-10-26,138,South,Books,7,126.18,Cash,43.0,883.26,2024-10,2024,Saturday
2527,2024-05-07,275,West,Home & Kitchen,3,227.71,Wallet,35.0,683.13,2024-05,2024,Tuesday
1894,2023-01-28,3,South,Sports,7,331.41,Credit Card,25.0,2319.87,2023-01,2023,Saturday
1273,2024-03-28,242,East,Clothing,3,136.08,Cash,65.0,408.24,2024-03,2024,Thursday
2445,2023-06-08,148,East,Home & Kitchen,3,152.84,Debit Card,34.0,458.52,2023-06,2023,Thursday
1421,2023-01-05,288,West,Home & Kitchen,9,43.61,Cash,63.0,392.49,2023-01,2023,Thursday
1095,2024-05-07,365,North,Home & Kitchen,3,67.6,Debit Card,57.0,202.8,2024-05,2024,Tuesday
2385,2024-05-12,377,North,Sports,1,430.63,Wallet,20.0,430.63,2024-05,2024,Sunday
2605,2024-07-24,438,South,Electronics,3,353.93,UPI,53.0,1061.79,2024-07,2024,Wednesday
2616,2024-02-26,232,West,Clothing,7,50.28,Debit Card,27.0,351.96,2024-02,2024,Monday
1043,2023-09-01,369,South,Home & Kitchen,4,111.6,UPI,44.0,446.4,2023-09,2023,Friday
2622,2024-06-18,179,West,Books,4,236.98,Wallet,40.0,947.92,2024-06,2024,Tuesday
2127,2024-04-06,301,South,Electronics,7,230.39,Wallet,36.0,1612.73,2024-04,2024,Saturday
2191,2023-08-03,152,East,Sports,5,132.27,Credit Card,55.0,661.35,2023-08,2023,Thursday
2305,2023-04-19,104,East,Clothing,3,147.64,UPI,19.0,442.92,2023-04,2023,Wednesday
1889,2024-05-20,144,North,Sports,7,102.24,Credit Card,61.0,715.68,2024-05,2024,Monday
1575,2023-03-10,80,West,Home & Kitchen,1,355.43,Debit Card,28.0,355.43,2023-03,2023,Friday
1039,2023-07-09,26,North,Home & Kitchen,8,244.12,Debit Card,35.0,1952.96,2023-07,2023,Sunday
1307,2024-02-02,42,West,Clothing,8,386.37,Wallet,41.0,3090.96,2024-02,2024,Friday
1669,2023-08-17,105,East,Clothing,9,199.87,Wallet,28.0,1798.83,2023-08,2023,Thursday
1007,2023-01-21,384,East,Books,1,99.6,Cash,26.0,99.6,2023-01,2023,Saturday
2078,2024-09-26,90,East,Home & Kitchen,1,466.3,UPI,28.0,466.3,2024-09,2024,Thursday
1783,2024-07-31,269,South,Books,6,246.03,Credit Card,45.0,1476.18,2024-07,2024,Wednesday
1409,2024-07-23,248,North,Clothing,3,304.98,Debit Card,27.0,914.94,2024-07,2024,Tuesday
2019,2023-12-15,251,South,Clothing,5,203.08,Cash,64.0,1015.4,2023-12,2023,Friday
1782,2023-08-17,374,South,Sports,5,41.26,Debit Card,53.0,206.3,2023-08,2023,Thursday
1167,2023-12-06,124,East,Electronics,5,227.07,Wallet,30.0,1135.35,2023-12,2023,Wednesday
1535,2023-10-04,146,South,Sports,1,112.32,Cash,38.0,112.32,2023-10,2023,Wednesday
1584,2024-07-22,101,North,Sports,8,436.31,Debit Card,32.0,3490.48,2024-07,2024,Monday
2275,2023-08-14,42,East,Books,4,15.99,Credit Card,68.0,63.96,2023-08,2023,Monday
2935,2024-04-04,170,North,Sports,1,421.47,Debit Card,56.0,421.47,2024-04,2024,Thursday
2446,2023-06-01,124,West,Home & Kitchen,7,434.14,Cash,27.0,3038.98,2023-06,2023,Thursday
2253,2023-11-26,79,North,Sports,8,329.2,Wallet,30.0,2633.6,2023-11,2023,Sunday
2737,2023-11-05,476,East,Electronics,8,128.68,UPI,23.0,1029.44,2023-11,2023,Sunday
2492,2023-01-03,328,East,Clothing,8,120.53,Debit Card,55.0,964.24,2023-01,2023,Tuesday
1814,2023-05-06,174,East,Electronics,6,51.36,Cash,36.0,308.16,2023-05,2023,Saturday
1317,2024-04-04,302,West,Home & Kitchen,6,193.06,Cash,45.0,1158.36,2024-04,2024,Thursday
2304,2023-01-29,238,West,Books,3,320.86,Cash,18.0,962.58,2023-01,2023,Sunday
2751,2023-02-06,340,West,Clothing,2,94.1,Credit Card,34.0,188.2,2023-02,2023,Monday
1517,2024-05-13,392,West,Home & Kitchen,7,488.06,Wallet,51.0,3416.42,2024-05,2024,Monday
2697,2024-05-30,265,West,Clothing,5,450.46,Debit Card,41.0,2252.3,2024-05,2024,Thursday
1534,2024-12-29,20,South,Sports,7,184.99,Wallet,31.0,1294.93,2024-12,2024,Sunday
2063,2023-10-16,302,East,Home & Kitchen,7,171.92,Wallet,48.0,1203.44,2023-10,2023,Monday
1272,2024-10-13,439,East,Sports,4,388.46,UPI,24.0,1553.84,2024-10,2024,Sunday
1549,2024-11-25,499,West,Clothing,4,358.49,Debit Card,32.0,1433.96,2024-11,2024,Monday
1965,2024-01-27,273,East,Electronics,9,230.55,Wallet,66.0,2074.95,2024-01,2024,Saturday
2726,2023-06-12,72,North,Electronics,1,267.17,Cash,54.0,267.17,2023-06,2023,Monday
2919,2024-05-16,448,West,Clothing,1,335.75,Wallet,57.0,335.75,2024-05,2024,Thursday
1599,2023-01-09,62,South,Home & Kitchen,8,170.4,Credit Card,31.0,1363.2,2023-01,2023,Monday
2711,2024-12-07,397,North,Sports,6,385.37,UPI,22.0,2312.22,2024-12,2024,Saturday
1571,2024-07-17,190,East,Electronics,6,42.2,Cash,67.0,253.2,2024-07,2024,Wednesday
1075,2024-02-06,245,East,Sports,3,382.83,Credit Card,36.0,1148.49,2024-02,2024,Tuesday
1062,2024-03-03,220,West,Sports,13,216.42,Cash,55.0,2813.46,2024-03,2024,Sunday
2265,2024-12-09,369,South,Clothing,9,36.45,Wallet,44.0,328.05,2024-12,2024,Monday
1810,2024-06-29,213,East,Home & Kitchen,2,469.09,Credit Card,64.0,938.18,2024-06,2024,Saturday
1245,2024-04-08,10,South,Clothing,9,454.5,Credit Card,64.0,4090.5,2024-04,2024,Monday
2465,2023-04-18,437,South,Sports,1,233.92,Cash,69.0,233.92,2023-04,2023,Tuesday
1106,2023-05-19,199,South,Books,3,375.59,Credit Card,32.0,1126.77,2023-05,2023,Friday
1674,2024-03-16,425,South,Electronics,3,239.35,Wallet,42.0,718.05,2024-03,2024,Saturday
1643,2024-09-29,395,East,Sports,5,60.86,Cash,65.0,304.3,2024-09,2024,Sunday
2287,2023-05-08,307,West,Books,7,195.55,Cash,32.0,1368.85,2023-05,2023,Monday
1666,2023-03-21,42,North,Books,2,395.58,Wallet,40.0,791.16,2023-03,2023,Tuesday
1510,2024-09-07,483,West,Books,7,218.34,Wallet,49.0,1528.38,2024-09,2024,Saturday
1132,2024-10-04,282,North,Electronics,4,239.35,UPI,26.0,957.4,2024-10,2024,Friday
1445,2024-05-27,407,South,Books,3,494.73,UPI,23.0,1484.19,2024-05,2024,Monday
1867,2024-12-19,171,South,Home & Kitchen,6,108.28,Cash,44.0,649.68,2024-12,2024,Thursday
2862,2024-12-23,167,East,Sports,9,129.77,Cash,57.0,1167.93,2024-12,2024,Monday
2802,2024-08-11,400,South,Sports,4,251.34,UPI,53.0,1005.36,2024-08,2024,Sunday
1058,2023-12-06,69,South,Home & Kitchen,5,350.54,Cash,58.0,1752.7,2023-12,2023,Wednesday
2681,2024-12-16,43,North,Home & Kitchen,2,50.06,Cash,34.0,100.12,2024-12,2024,Monday
2086,2024-10-09,280,East,Books,1,336.33,Cash,65.0,336.33,2024-10,2024,Wednesday
1087,2023-10-23,19,East,Clothing,8,340.26,Debit Card,63.0,2722.08,2023-10,2023,Monday
2877,2023-06-08,202,North,Home & Kitchen,9,56.4,Cash,62.0,507.6,2023-06,2023,Thursday
1772,2023-04-28,190,West,Books,9,221.96,Cash,34.0,1997.64,2023-04,2023,Friday
2248,2024-05-14,214,North,Sports,3,90.0,Cash,47.0,270.0,2024-05,2024,Tuesday
1709,2024-12-24,8,North,Clothing,5,354.22,Cash,57.0,1771.1,2024-12,2024,Tuesday
2579,2024-08-24,469,East,Books,7,393.9,UPI,45.0,2757.3,2024-08,2024,Saturday
2356,2024-10-25,102,East,Sports,8,182.97,Wallet,63.0,1463.76,2024-10,2024,Friday
2584,2024-08-15,276,West,Sports,4,472.77,Cash,27.0,1891.08,2024-08,2024,Thursday
1539,2023-07-11,390,West,Home & Kitchen,3,300.57,UPI,67.0,901.71,2023-07,2023,Tuesday
2454,2023-02-08,4,West,Home & Kitchen,6,37.18,Wallet,53.0,223.08,2023-02,2023,Wednesday
2196,2024-10-31,442,South,Sports,2,243.16,Debit Card,27.0,486.32,2024-10,2024,Thursday
2575,2023-02-07,267,North,Electronics,7,346.11,Credit Card,44.0,2422.77,2023-02,2023,Tuesday
2780,2023-04-12,450,South,Clothing,2,102.49,Credit Card,39.0,204.98,2023-04,2023,Wednesday
1419,2024-07-25,456,West,Electronics,3,422.02,Cash,38.0,1266.06,2024-07,2024,Thursday
2872,2023-04-03,193,South,Books,9,218.76,Wallet,42.0,1968.84,2023-04,2023,Monday
2074,2023-07-15,192,East,Books,5,193.8,Wallet,65.0,969.0,2023-07,2023,Saturday
2727,2024-07-06,456,West,Books,4,177.15,Debit Card,67.0,708.6,2024-07,2024,Saturday
2297,2023-07-20,85,East,Clothing,4,344.34,Wallet,40.0,1377.36,2023-07,2023,Thursday
1852,2023-05-01,258,East,Books,7,7.65,Credit Card,69.0,53.55,2023-05,2023,Monday
2772,2024-01-01,143,West,Home & Kitchen,5,141.35,Cash,69.0,706.75,2024-01,2024,Monday
2749,2024-07-11,177,South,Clothing,6,84.74,Wallet,48.0,508.44,2024-07,2024,Thursday
2744,2024-01-22,343,North,Clothing,3,120.36,Debit Card,61.0,361.08,2024-01,2024,Monday
2786,2024-07-06,210,East,Home & Kitchen,8,270.9,UPI,21.0,2167.2,2024-07,2024,Saturday
2557,2024-09-01,2,North,Electronics,6,493.0,UPI,40.0,2958.0,2024-09,2024,Sunday
2752,2023-07-25,338,East,Books,2,253.76,Wallet,36.0,507.52,2023-07,2023,Tuesday
2819,2023-12-25,49,East,Clothing,5,98.09,Debit Card,49.0,490.45,2023-12,2023,Monday
1305,2023-06-10,146,West,Home & Kitchen,1,240.65,Credit Card,62.0,240.65,2023-06,2023,Saturday
2534,2023-09-16,164,West,Electronics,4,229.97,Cash,37.0,919.88,2023-09,2023,Saturday
1336,2024-05-30,379,North,Electronics,5,130.12,Debit Card,66.0,650.6,2024-05,2024,Thursday
1996,2024-10-03,76,East,Home & Kitchen,9,100.89,UPI,45.0,908.01,2024-10,2024,Thursday
1570,2024-01-19,156,North,Sports,6,321.44,Wallet,44.0,1928.64,2024-01,2024,Friday
1089,2024-12-20,482,West,Clothing,3,478.21,Credit Card,50.0,1434.63,2024-12,2024,Friday
1875,2023-03-19,19,North,Electronics,13,301.72,Cash,31.0,3922.36,2023-03,2023,Sunday
2243,2023-03-19,154,West,Books,7,246.03,UPI,68.0,1722.21,2023-03,2023,Sunday
2543,2024-07-26,89,East,Home & Kitchen,4,228.83,UPI,34.0,915.32,2024-07,2024,Friday
1713,2023-09-10,43,North,Home & Kitchen,2,64.48,Debit Card,19.0,128.96,2023-09,2023,Sunday
2769,2023-10-01,332,East,Sports,1,304.11,Wallet,52.0,304.11,2023-10,2023,Sunday
2874,2023-12-19,148,East,Books,7,246.03,UPI,27.0,1722.21,2023-12,2023,Tuesday
2398,2024-07-22,476,East,Home & Kitchen,8,307.69,Cash,40.0,2461.52,2024-07,2024,Monday
1222,2023-02-22,84,North,Sports,5,346.19,Cash,58.0,1730.95,2023-02,2023,Wednesday
1320,2023-01-22,218,East,Sports,7,282.15,Debit Card,42.0,1975.05,2023-01,2023,Sunday
2778,2023-10-28,105,East,Clothing,6,360.71,Debit Card,46.0,2164.26,2023-10,2023,Saturday
1879,2024-10-27,295,North,Books,2,332.87,Debit Card,37.0,665.74,2024-10,2024,Sunday
2825,2023-09-21,294,North,Sports,9,304.85,Credit Card,67.0,2743.65,2023-09,2023,Thursday
1826,2023-07-14,233,West,Books,7,210.14,Cash,60.0,1470.98,2023-07,2023,Friday
2469,2024-06-29,460,South,Clothing,8,393.61,Debit Card,20.0,3148.88,2024-06,2024,Saturday
2484,2023-08-27,443,South,Electronics,3,102.67,Debit Card,56.0,308.01,2023-08,2023,Sunday
1139,2023-01-15,221,South,Books,1,108.07,Cash,61.0,108.07,2023-01,2023,Sunday
1164,2023-01-28,336,South,Books,4,225.64,UPI,67.0,902.56,2023-01,2023,Saturday
2805,2023-04-13,258,East,Books,8,166.12,Debit Card,22.0,1328.96,2023-04,2023,Thursday
2467,2023-11-07,142,North,Clothing,8,245.75,Wallet,32.0,1966.0,2023-11,2023,Tuesday
1961,2024-07-27,188,West,Electronics,9,209.67,UPI,36.0,1887.03,2024-07,2024,Saturday
2483,2024-03-15,407,North,Sports,4,276.46,Wallet,22.0,1105.84,2024-03,2024,Friday
2258,2024-09-15,411,West,Clothing,4,434.34,Wallet,56.0,1737.36,2024-09,2024,Sunday
2195,2023-02-01,28,East,Home & Kitchen,4,12.35,Wallet,49.0,49.4,2023-02,2023,Wednesday
2955,2023-10-11,68,East,Sports,1,154.41,Wallet,47.0,154.41,2023-10,2023,Wednesday
2316,2024-11-07,365,North,Electronics,6,124.29,Credit Card,42.0,745.74,2024-11,2024,Thursday
2828,2023-03-25,438,West,Home & Kitchen,7,238.23,Cash,40.0,1667.61,2023-03,2023,Saturday
1634,2023-04-01,338,North,Clothing,5,280.63,Credit Card,50.0,1403.15,2023-04,2023,Saturday
2204,2023-01-19,454,West,Clothing,3,417.47,UPI,68.0,1252.41,2023-01,2023,Thursday
1656,2024-01-04,82,West,Clothing,1,294.76,UPI,59.0,294.76,2024-01,2024,Thursday
1017,2024-10-25,498,South,Sports,1,182.32,Credit Card,26.0,182.32,2024-10,2024,Friday
2652,2024-02-18,262,West,Electronics,2,82.6,Cash,19.0,165.2,2024-02,2024,Sunday
2181,2023-05-28,161,East,Books,6,246.03,UPI,34.0,1476.18,2023-05,2023,Sunday
1138,2023-07-26,117,West,Home & Kitchen,2,124.42,Credit Card,59.0,248.84,2023-07,2023,Wednesday
2241,2023-04-06,277,North,Books,9,156.08,Cash,22.0,1404.72,2023-04,2023,Thursday
1698,2023-03-31,444,East,Home & Kitchen,3,411.22,Wallet,52.0,1233.66,2023-03,2023,Friday
2098,2023-03-10,84,North,Home & Kitchen,5,213.07,Credit Card,34.0,1065.35,2023-03,2023,Friday
1449,2024-07-13,311,North,Sports,5,474.71,UPI,37.0,2373.55,2024-07,2024,Saturday
2944,2023-09-27,369,East,Clothing,9,329.04,Wallet,37.0,2961.36,2023-09,2023,Wednesday
1328,2023-01-27,232,West,Sports,2,466.56,Credit Card,24.0,933.12,2023-01,2023,Friday
1318,2024-04-14,19,West,Electronics,2,253.46,Debit Card,45.0,506.92,2024-04,2024,Sunday
2549,2023-08-04,443,South,Sports,5,79.18,UPI,42.0,395.9,2023-08,2023,Friday
1527,2024-05-15,288,East,Sports,6,448.04,Wallet,42.0,2688.24,2024-05,2024,Wednesday
1088,2024-12-25,454,North,Sports,5,352.8,UPI,51.0,1764.0,2024-12,2024,Wednesday
2655,2023-08-21,136,West,Electronics,5,16.14,Wallet,44.0,80.7,2023-08,2023,Monday
1149,2023-08-19,228,North,Books,9,375.09,Wallet,54.0,3375.81,2023-08,2023,Saturday
2644,2023-12-26,422,North,Clothing,1,163.06,Wallet,39.0,163.06,2023-12,2023,Tuesday
2224,2024-04-20,86,West,Clothing,6,268.49,Wallet,44.0,1610.94,2024-04,2024,Saturday
2479,2023-11-14,225,North,Electronics,9,325.08,Debit Card,44.0,2925.72,2023-11,2023,Tuesday
1366,2023-01-18,102,South,Sports,7,308.52,UPI,51.0,2159.64,2023-01,2023,Wednesday
1590,2024-02-02,420,West,Sports,6,242.33,Credit Card,42.0,1453.98,2024-02,2024,Friday
2530,2023-04-17,120,North,Books,2,252.02,Credit Card,44.0,504.04,2023-04,2023,Monday
1199,2023-04-23,433,West,Books,7,95.55,Wallet,25.0,668.85,2023-04,2023,Sunday
2921,2024-09-14,234,North,Electronics,5,33.61,UPI,19.0,168.05,2024-09,2024,Saturday
1193,2024-01-09,144,South,Home & Kitchen,6,390.37,Debit Card,42.0,2342.22,2024-01,2024,Tuesday
1405,2023-09-07,118,East,Electronics,9,438.13,UPI,38.0,3943.17,2023-09,2023,Thursday
2595,2023-02-09,482,South,Sports,7,130.07,Cash,59.0,910.49,2023-02,2023,Thursday
1484,2023-06-29,347,North,Sports,7,88.38,Cash,23.0,618.66,2023-06,2023,Thursday
2478,2024-04-21,115,East,Sports,7,236.59,UPI,23.0,1656.13,2024-04,2024,Sunday
1792,2024-03-10,11,North,Books,2,390.05,Wallet,57.0,780.1,2024-03,2024,Sunday
1800,2023-04-16,153,North,Electronics,7,386.04,Debit Card,68.0,2702.28,2023-04,2023,Sunday
1385,2024-06-21,106,East,Home & Kitchen,8,278.41,Credit Card,28.0,2227.28,2024-06,2024,Friday
1751,2023-03-24,337,North,Clothing,4,285.1,UPI,27.0,1140.4,2023-03,2023,Friday
1423,2023-07-15,272,South,Books,9,248.93,Cash,38.0,2240.37,2023-07,2023,Saturday
1315,2023-02-02,280,South,Home & Kitchen,1,461.5,Debit Card,29.0,461.5,2023-02,2023,Thursday
2022,2023-10-18,313,West,Electronics,9,401.81,Credit Card,38.0,3616.29,2023-10,2023,Wednesday
1544,2024-10-25,130,South,Books,9,245.2,Wallet,64.0,2206.8,2024-10,2024,Friday
1914,2023-08-16,112,East,Electronics,3,472.65,UPI,24.0,1417.95,2023-08,2023,Wednesday
1663,2024-11-02,422,West,Books,4,252.6,Cash,22.0,1010.4,2024-11,2024,Saturday
1903,2023-05-25,491,West,Sports,5,165.6,Wallet,65.0,828.0,2023-05,2023,Thursday
2415,2023-09-25,338,East,Electronics,7,424.41,Debit Card,64.0,2970.87,2023-09,2023,Monday
1686,2024-10-17,277,North,Electronics,4,98.37,Credit Card,33.0,393.48,2024-10,2024,Thursday
1160,2024-11-12,493,East,Home & Kitchen,1,335.02,Debit Card,53.0,335.02,2024-11,2024,Tuesday
2000,2024-09-04,117,North,Clothing,5,420.41,Wallet,65.0,2102.05,2024-09,2024,Wednesday
2317,2023-06-02,259,South,Sports,8,468.38,Wallet,59.0,3747.04,2023-06,2023,Friday
2801,2023-08-13,387,South,Sports,3,72.29,Debit Card,30.0,216.87,2023-08,2023,Sunday
1203,2023-09-25,345,South,Books,9,41.84,Debit Card,32.0,376.56,2023-09,2023,Monday
2024,2023-06-14,301,West,Clothing,3,247.85,UPI,38.0,743.55,2023-06,2023,Wednesday
2554,2023-11-25,68,West,Books,5,69.52,Debit Card,46.0,347.6,2023-11,2023,Saturday
2343,2023-01-29,302,East,Home & Kitchen,3,281.12,Wallet,66.0,843.36,2023-01,2023,Sunday
1113,2024-01-14,417,South,Books,2,418.3,Credit Card,31.0,836.6,2024-01,2024,Sunday
2831,2023-09-08,420,East,Electronics,3,415.05,UPI,42.0,1245.15,2023-09,2023,Friday
2250,2023-07-01,376,West,Books,2,148.54,Debit Card,53.0,297.08,2023-07,2023,Saturday
1981,2023-03-31,162,East,Electronics,9,350.51,Cash,68.0,3154.59,2023-03,2023,Friday
1923,2024-09-04,12,East,Electronics,2,327.87,Credit Card,67.0,655.74,2024-09,2024,Wednesday
2538,2024-12-27,265,North,Sports,7,227.32,Debit Card,68.0,1591.24,2024-12,2024,Friday
2610,2023-12-11,361,North,Home & Kitchen,2,6.5,Credit Card,48.0,13.0,2023-12,2023,Monday
2715,2023-01-21,147,South,Clothing,6,237.81,Credit Card,44.0,1426.86,2023-01,2023,Saturday
2869,2024-12-14,421,North,Home & Kitchen,5,297.42,Credit Card,56.0,1487.1,2024-12,2024,Saturday
1816,2023-04-21,376,West,Home & Kitchen,3,374.88,UPI,23.0,1124.64,2023-04,2023,Friday
2382,2023-01-25,211,West,Books,9,246.03,Cash,68.0,2214.27,2023-01,2023,Wednesday
2307,2024-12-27,42,North,Home & Kitchen,1,366.6,Credit Card,31.0,366.6,2024-12,2024,Friday
1680,2023-05-23,97,East,Home & Kitchen,9,473.11,Debit Card,44.0,4257.99,2023-05,2023,Tuesday
2094,2023-04-05,364,West,Home & Kitchen,3,301.16,Credit Card,57.0,903.48,2023-04,2023,Wednesday
1081,2023-09-28,98,East,Electronics,4,239.52,Cash,44.0,958.08,2023-09,2023,Thursday
2783,2023-08-02,461,South,Electronics,8,239.35,Wallet,66.0,1914.8,2023-08,2023,Wednesday
2756,2024-06-04,478,West,Sports,4,142.13,Wallet,52.0,568.52,2024-06,2024,Tuesday
2553,2023-03-30,196,West,Electronics,2,10.71,UPI,67.0,21.42,2023-03,2023,Thursday
1753,2023-03-26,136,North,Clothing,2,346.86,UPI,63.0,693.72,2023-03,2023,Sunday
2335,2024-07-11,454,East,Clothing,5,131.27,UPI,52.0,656.35,2024-07,2024,Thursday
2055,2024-01-26,198,West,Books,1,134.03,Credit Card,54.0,134.03,2024-01,2024,Friday
1243,2023-07-06,9,West,Electronics,8,99.68,UPI,56.0,797.44,2023-07,2023,Thursday
2474,2024-02-20,252,North,Books,4,484.2,Wallet,56.0,1936.8,2024-02,2024,Tuesday
1642,2023-08-08,188,West,Books,1,16.17,Cash,41.0,16.17,2023-08,2023,Tuesday
1697,2024-11-06,401,West,Electronics,5,32.3,UPI,44.0,161.5,2024-11,2024,Wednesday
1210,2023-03-22,39,West,Books,3,171.13,Debit Card,63.0,513.39,2023-03,2023,Wednesday
1578,2023-01-25,97,East,Clothing,6,327.16,UPI,46.0,1962.96,2023-01,2023,Wednesday
1771,2024-03-13,119,North,Sports,4,169.68,UPI,39.0,678.72,2024-03,2024,Wednesday
2777,2023-01-11,285,North,Sports,4,50.11,UPI,57.0,200.44,2023-01,2023,Wednesday
1436,2023-02-27,258,South,Books,9,417.33,Cash,49.0,3755.97,2023-02,2023,Monday
2064,2024-04-22,410,West,Clothing,4,134.94,Cash,24.0,539.76,2024-04,2024,Monday
1975,2023-08-13,186,North,Electronics,7,309.2,UPI,68.0,2164.4,2023-08,2023,Sunday
1552,2023-08-05,418,South,Clothing,1,198.24,Cash,51.0,198.24,2023-08,2023,Saturday
2412,2024-06-20,41,East,Clothing,8,437.41,Cash,20.0,3499.28,2024-06,2024,Thursday
2421,2023-10-15,384,South,Home & Kitchen,2,348.14,Credit Card,66.0,696.28,2023-10,2023,Sunday
2014,2024-06-30,319,East,Clothing,9,56.81,Debit Card,49.0,511.29,2024-06,2024,Sunday
2911,2023-10-25,67,West,Clothing,7,429.66,Wallet,34.0,3007.62,2023-10,2023,Wednesday
1467,2023-03-10,291,South,Books,6,137.91,UPI,38.0,827.46,2023-03,2023,Friday
2650,2023-11-22,61,South,Clothing,6,228.9,Debit Card,40.0,1373.4,2023-11,2023,Wednesday
2322,2023-12-08,486,West,Sports,2,170.83,UPI,38.0,341.66,2023-12,2023,Friday
1278,2023-04-09,108,South,Books,5,224.3,UPI,34.0,1121.5,2023-04,2023,Sunday
2070,2023-04-07,468,West,Sports,5,184.94,UPI,61.0,924.7,2023-04,2023,Friday
2018,2024-07-25,476,East,Clothing,3,161.72,UPI,38.0,485.16,2024-07,2024,Thursday
2562,2024-06-24,425,East,Electronics,1,36.7,Debit Card,57.0,36.7,2024-06,2024,Monday
1723,2023-04-29,277,North,Clothing,3,447.91,Credit Card,63.0,1343.73,2023-04,2023,Saturday
1787,2024-02-26,400,East,Books,3,336.35,UPI,26.0,1009.05,2024-02,2024,Monday
2566,2023-06-19,183,East,Clothing,1,227.8,UPI,45.0,227.8,2023-06,2023,Monday
2325,2024-10-07,129,South,Electronics,5,161.76,Wallet,25.0,808.8,2024-10,2024,Monday
2386,2023-08-17,395,West,Home & Kitchen,9,129.65,UPI,29.0,1166.85,2023-08,2023,Thursday
2319,2024-08-10,114,East,Books,9,185.58,Credit Card,25.0,1670.22,2024-08,2024,Saturday
1907,2024-08-02,384,East,Electronics,9,402.64,Cash,40.0,3623.76,2024-08,2024,Friday
1564,2024-03-20,471,South,Home & Kitchen,4,223.17,Wallet,24.0,892.68,2024-03,2024,Wednesday
1389,2023-02-05,55,North,Clothing,8,225.02,Credit Card,44.0,1800.16,2023-02,2023,Sunday
1023,2024-02-18,358,South,Electronics,2,194.87,UPI,26.0,389.74,2024-02,2024,Sunday
2930,2023-06-12,426,East,Clothing,8,382.99,Cash,42.0,3063.92,2023-06,2023,Monday
1125,2024-12-28,462,West,Home & Kitchen,3,223.17,UPI,23.0,669.51,2024-12,2024,Saturday
2262,2024-11-30,58,West,Books,2,485.6,UPI,61.0,971.2,2024-11,2024,Saturday
1774,2023-09-25,370,West,Clothing,6,86.54,Debit Card,60.0,519.24,2023-09,2023,Monday
1881,2024-11-29,367,North,Home & Kitchen,6,345.62,Credit Card,44.0,2073.72,2024-11,2024,Friday
2145,2023-07-21,466,West,Clothing,2,387.26,UPI,67.0,774.52,2023-07,2023,Friday
2167,2024-12-10,131,South,Clothing,4,428.28,Credit Card,37.0,1713.12,2024-12,2024,Tuesday
1051,2024-01-23,1,West,Sports,4,28.99,Wallet,35.0,115.96,2024-01,2024,Tuesday
2413,2024-04-10,307,North,Books,1,168.04,Wallet,32.0,168.04,2024-04,2024,Wednesday
2680,2023-10-12,136,West,Clothing,1,457.72,Credit Card,66.0,457.72,2023-10,2023,Thursday
2106,2023-12-12,106,North,Sports,7,461.25,Cash,29.0,3228.75,2023-12,2023,Tuesday
1704,2023-02-10,416,East,Clothing,4,9.14,Wallet,68.0,36.56,2023-02,2023,Friday
1483,2023-04-10,66,South,Clothing,5,274.51,Cash,43.0,1372.55,2023-04,2023,Monday
2146,2024-03-11,160,North,Home & Kitchen,2,239.24,UPI,41.0,478.48,2024-03,2024,Monday
2936,2024-11-06,124,South,Clothing,4,210.35,Cash,61.0,841.4,2024-11,2024,Wednesday
1067,2024-07-15,63,West,Clothing,5,384.32,UPI,66.0,1921.6,2024-07,2024,Monday
2743,2023-07-18,174,West,Books,6,57.52,Debit Card,18.0,345.12,2023-07,2023,Tuesday
1734,2024-04-05,499,North,Electronics,2,163.49,Wallet,52.0,326.98,2024-04,2024,Friday
2808,2023-03-31,268,South,Electronics,8,269.19,Credit Card,48.0,2153.52,2023-03,2023,Friday
1802,2023-03-22,315,North,Books,2,442.0,UPI,25.0,884.0,2023-03,2023,Wednesday
2567,2024-06-04,16,South,Clothing,1,15.96,Wallet,31.0,15.96,2024-06,2024,Tuesday
2995,2023-07-04,139,North,Home & Kitchen,9,349.14,Cash,69.0,3142.26,2023-07,2023,Tuesday
1908,2024-01-29,302,East,Home & Kitchen,4,449.16,Credit Card,57.0,1796.64,2024-01,2024,Monday
1032,2024-07-14,218,East,Clothing,5,23.7,UPI,23.0,118.5,2024-07,2024,Sunday
1418,2023-02-22,466,West,Electronics,1,474.47,Wallet,36.0,474.47,2023-02,2023,Wednesday
1882,2023-11-08,281,North,Sports,2,68.45,Wallet,55.0,136.9,2023-11,2023,Wednesday
1633,2023-06-16,181,South,Clothing,6,69.24,Wallet,21.0,415.44,2023-06,2023,Friday
2582,2023-11-12,325,North,Electronics,3,348.94,UPI,40.0,1046.82,2023-11,2023,Sunday
2456,2024-05-11,409,North,Home & Kitchen,1,67.34,Cash,48.0,67.34,2024-05,2024,Saturday
1065,2023-07-25,192,East,Home & Kitchen,5,240.21,Credit Card,65.0,1201.05,2023-07,2023,Tuesday
2643,2023-01-17,87,North,Sports,9,345.58,Wallet,44.0,3110.22,2023-01,2023,Tuesday
2628,2024-10-31,260,North,Books,9,89.22,Cash,58.0,802.98,2024-10,2024,Thursday
1078,2023-06-11,489,East,Sports,2,441.84,UPI,69.0,883.68,2023-06,2023,Sunday
1492,2023-12-02,266,South,Clothing,7,272.6,Credit Card,48.0,1908.2,2023-12,2023,Saturday
2427,2024-01-26,350,North,Home & Kitchen,1,323.99,Credit Card,27.0,323.99,2024-01,2024,Friday
2545,2024-02-23,203,East,Sports,1,28.74,Debit Card,41.0,28.74,2024-02,2024,Friday
1533,2024-02-24,334,North,Electronics,3,205.24,UPI,36.0,615.72,2024-02,2024,Saturday
1066,2023-03-22,454,East,Sports,9,162.04,UPI,69.0,1458.36,2023-03,2023,Wednesday
2858,2024-11-25,100,South,Clothing,1,181.2,Debit Card,34.0,181.2,2024-11,2024,Monday
1297,2024-04-17,441,West,Sports,9,231.84,Credit Card,39.0,2086.56,2024-04,2024,Wednesday
1592,2024-09-25,422,East,Clothing,4,457.34,Cash,27.0,1829.36,2024-09,2024,Wednesday
1768,2023-06-03,169,South,Sports,2,32.88,Credit Card,55.0,65.76,2023-06,2023,Saturday
1725,2023-03-06,314,South,Sports,1,495.16,Wallet,28.0,495.16,2023-03,2023,Monday
2442,2024-09-06,423,West,Home & Kitchen,5,19.44,UPI,61.0,97.2,2024-09,2024,Friday
1627,2023-05-12,13,South,Home & Kitchen,6,425.91,UPI,37.0,2555.46,2023-05,2023,Friday
2687,2023-01-29,341,East,Electronics,5,298.88,UPI,62.0,1494.4,2023-01,2023,Sunday
2972,2024-05-25,109,West,Sports,2,124.75,UPI,51.0,249.5,2024-05,2024,Saturday
2213,2023-10-08,22,South,Books,2,57.23,Cash,44.0,114.46,2023-10,2023,Sunday
2633,2024-12-18,342,West,Sports,6,486.25,Debit Card,35.0,2917.5,2024-12,2024,Wednesday
1252,2023-05-28,152,West,Home & Kitchen,8,269.35,Wallet,59.0,2154.8,2023-05,2023,Sunday
2844,2023-01-14,451,East,Clothing,1,445.11,Credit Card,45.0,445.11,2023-01,2023,Saturday
2330,2024-11-15,176,East,Clothing,3,99.69,Debit Card,59.0,299.07,2024-11,2024,Friday
2928,2023-01-28,245,East,Sports,1,67.64,Cash,38.0,67.64,2023-01,2023,Saturday
1983,2023-11-16,82,East,Home & Kitchen,5,151.4,Cash,31.0,757.0,2023-11,2023,Thursday
2796,2024-10-21,155,South,Home & Kitchen,3,354.98,Debit Card,57.0,1064.94,2024-10,2024,Monday
1707,2023-05-25,87,South,Sports,4,358.62,Credit Card,20.0,1434.48,2023-05,2023,Thursday
1488,2024-08-30,206,South,Electronics,5,102.57,Debit Card,27.0,512.85,2024-08,2024,Friday
1274,2023-02-06,69,South,Electronics,1,467.13,Debit Card,26.0,467.13,2023-02,2023,Monday
2523,2024-10-21,251,South,Clothing,8,359.25,Cash,37.0,2874.0,2024-10,2024,Monday
2691,2024-04-03,318,West,Home & Kitchen,3,449.22,UPI,59.0,1347.66,2024-04,2024,Wednesday
1964,2024-12-15,20,North,Clothing,5,83.35,Debit Card,57.0,416.75,2024-12,2024,Sunday
1878,2023-12-31,30,South,Books,6,154.81,Debit Card,61.0,928.86,2023-12,2023,Sunday
2525,2023-11-06,375,South,Clothing,6,353.53,Credit Card,40.0,2121.18,2023-11,2023,Monday
2837,2024-01-25,486,West,Clothing,7,254.09,Credit Card,30.0,1778.63,2024-01,2024,Thursday
1412,2024-11-22,121,East,Home & Kitchen,8,74.55,Cash,33.0,596.4,2024-11,2024,Friday
1668,2023-07-22,113,East,Electronics,7,205.3,Credit Card,54.0,1437.1,2023-07,2023,Saturday
2263,2023-03-23,284,North,Books,8,189.93,Debit Card,24.0,1519.44,2023-03,2023,Thursday
1150,2024-10-16,271,North,Home & Kitchen,4,277.59,Credit Card,52.0,1110.36,2024-10,2024,Wednesday
1645,2024-10-21,405,South,Sports,9,411.19,UPI,50.0,3700.71,2024-10,2024,Monday
2626,2023-12-29,348,North,Home & Kitchen,5,497.17,Cash,60.0,2485.85,2023-12,2023,Friday
1219,2024-02-07,298,East,Sports,9,47.47,Debit Card,58.0,427.23,2024-02,2024,Wednesday
1240,2024-08-31,220,North,Home & Kitchen,5,361.57,Cash,67.0,1807.85,2024-08,2024,Saturday
2132,2024-09-04,338,North,Sports,6,52.4,Credit Card,26.0,314.4,2024-09,2024,Wednesday
2217,2023-02-24,330,North,Electronics,4,366.19,Credit Card,36.0,1464.76,2023-02,2023,Friday
1793,2024-03-22,10,North,Home & Kitchen,3,252.68,UPI,21.0,758.04,2024-03,2024,Friday
1192,2024-10-25,136,West,Clothing,5,340.16,Wallet,35.0,1700.8,2024-10,2024,Friday
1334,2024-03-28,136,South,Clothing,3,467.32,Debit Card,51.0,1401.96,2024-03,2024,Thursday
2337,2023-05-10,246,South,Clothing,8,33.98,UPI,44.0,271.84,2023-05,2023,Wednesday
2832,2024-01-18,99,South,Sports,7,164.87,Cash,44.0,1154.09,2024-01,2024,Thursday
1963,2023-07-13,429,East,Electronics,7,438.9,Cash,40.0,3072.3,2023-07,2023,Thursday
2455,2024-06-10,442,West,Electronics,8,413.53,UPI,48.0,3308.24,2024-06,2024,Monday
2976,2023-01-01,341,North,Electronics,4,466.89,Cash,34.0,1867.56,2023-01,2023,Sunday
2901,2023-09-25,31,East,Clothing,5,135.31,Wallet,69.0,676.55,2023-09,2023,Monday
2638,2024-06-08,347,South,Electronics,4,458.39,Wallet,66.0,1833.56,2024-06,2024,Saturday
1583,2023-05-24,273,North,Electronics,5,303.98,Cash,53.0,1519.9,2023-05,2023,Wednesday
2934,2024-02-28,37,North,Books,6,344.89,Cash,26.0,2069.34,2024-02,2024,Wednesday
2451,2023-06-20,128,North,Sports,5,349.63,Cash,41.0,1748.15,2023-06,2023,Tuesday
1840,2024-05-27,224,East,Clothing,3,21.55,Debit Card,38.0,64.65,2024-05,2024,Monday
1628,2023-03-11,213,North,Sports,5,110.36,Wallet,41.0,551.8,2023-03,2023,Saturday
1324,2023-12-31,167,North,Clothing,6,407.3,Debit Card,67.0,2443.8,2023-12,2023,Sunday
2664,2024-04-28,355,North,Clothing,9,272.96,Credit Card,54.0,2456.64,2024-04,2024,Sunday
2161,2024-10-01,313,South,Books,3,322.89,UPI,44.0,968.67,2024-10,2024,Tuesday
1779,2024-09-15,347,North,Sports,5,297.94,UPI,49.0,1489.7,2024-09,2024,Sunday
2077,2024-05-31,70,South,Sports,9,365.79,Credit Card,22.0,3292.11,2024-05,2024,Friday
1940,2023-12-16,186,North,Electronics,4,115.43,Debit Card,37.0,461.72,2023-12,2023,Saturday
1438,2024-04-18,249,West,Sports,5,395.7,Cash,22.0,1978.5,2024-04,2024,Thursday
1120,2023-02-02,474,South,Clothing,2,473.72,Credit Card,60.0,947.44,2023-02,2023,Thursday
2375,2023-10-23,476,East,Clothing,5,336.36,UPI,57.0,1681.8,2023-10,2023,Monday
2583,2024-11-18,304,North,Home & Kitchen,4,223.57,Cash,30.0,894.28,2024-11,2024,Monday
2027,2023-03-19,198,North,Sports,6,247.77,Cash,26.0,1486.62,2023-03,2023,Sunday
2254,2024-11-03,214,West,Electronics,6,145.23,Cash,31.0,871.38,2024-11,2024,Sunday
2629,2024-07-04,406,South,Sports,9,161.47,Cash,29.0,1453.23,2024-07,2024,Thursday
1077,2024-07-09,159,West,Books,2,118.19,UPI,63.0,236.38,2024-07,2024,Tuesday
2054,2024-08-01,493,East,Sports,4,470.5,UPI,31.0,1882.0,2024-08,2024,Thursday
1901,2023-05-06,362,South,Home & Kitchen,2,355.84,Debit Card,22.0,711.68,2023-05,2023,Saturday
1372,2023-10-15,116,West,Books,2,64.28,UPI,21.0,128.56,2023-10,2023,Sunday
2888,2024-09-08,305,West,Books,2,108.9,Debit Card,44.0,217.8,2024-09,2024,Sunday
2458,2023-12-15,294,East,Home & Kitchen,1,432.79,Wallet,36.0,432.79,2023-12,2023,Friday
2283,2023-06-07,178,North,Home & Kitchen,3,471.8,Credit Card,56.0,1415.4,2023-06,2023,Wednesday
1942,2023-12-16,111,East,Electronics,3,56.18,Credit Card,53.0,168.54,2023-12,2023,Saturday
1820,2024-01-09,32,East,Books,5,40.82,Wallet,59.0,204.1,2024-01,2024,Tuesday
2485,2024-01-12,91,North,Books,2,162.04,UPI,26.0,324.08,2024-01,2024,Friday
2507,2023-07-06,150,West,Electronics,4,117.28,Credit Card,20.0,469.12,2023-07,2023,Thursday
2755,2023-08-24,324,North,Clothing,2,255.34,UPI,47.0,510.68,2023-08,2023,Thursday
2396,2023-01-17,131,South,Electronics,7,330.27,Wallet,44.0,2311.89,2023-01,2023,Tuesday
1887,2024-05-22,362,South,Home & Kitchen,8,441.45,Wallet,56.0,3531.6,2024-05,2024,Wednesday
1969,2023-10-27,221,North,Electronics,7,435.2,Cash,29.0,3046.4,2023-10,2023,Friday
2617,2024-11-30,21,South,Books,3,259.37,UPI,47.0,778.11,2024-11,2024,Saturday
1786,2023-04-13,351,West,Electronics,1,359.58,Wallet,44.0,359.58,2023-04,2023,Thursday
2735,2024-10-18,90,East,Electronics,2,206.97,Debit Card,46.0,413.94,2024-10,2024,Friday
2703,2023-06-06,344,West,Electronics,2,137.95,Debit Card,27.0,275.9,2023-06,2023,Tuesday
2753,2024-03-30,146,East,Electronics,7,424.97,UPI,56.0,2974.79,2024-03,2024,Saturday
1302,2023-06-12,291,North,Books,3,192.28,Debit Card,51.0,576.84,2023-06,2023,Monday
1690,2023-12-24,290,East,Home & Kitchen,6,369.08,UPI,35.0,2214.48,2023-12,2023,Sunday
1813,2023-07-24,435,North,Home & Kitchen,6,243.8,Wallet,54.0,1462.8,2023-07,2023,Monday
2062,2024-10-30,35,East,Sports,2,300.38,UPI,39.0,600.76,2024-10,2024,Wednesday
1237,2023-07-17,118,North,Electronics,1,126.15,Cash,29.0,126.15,2023-07,2023,Monday
2116,2024-11-13,394,East,Books,6,393.06,UPI,64.0,2358.36,2024-11,2024,Wednesday
2476,2023-02-08,207,North,Clothing,1,406.53,UPI,35.0,406.53,2023-02,2023,Wednesday
1500,2024-01-15,95,South,Books,5,246.03,UPI,69.0,1230.15,2024-01,2024,Monday
2678,2024-12-04,369,East,Electronics,9,197.12,Debit Card,32.0,1774.08,2024-12,2024,Wednesday
2080,2023-06-08,126,North,Electronics,3,475.35,Debit Card,46.0,1426.05,2023-06,2023,Thursday
2327,2024-09-01,101,South,Books,1,148.34,Debit Card,54.0,148.34,2024-09,2024,Sunday
1795,2023-09-06,273,North,Books,9,142.33,UPI,44.0,1280.97,2023-09,2023,Wednesday
2949,2023-05-13,126,North,Sports,2,174.42,Wallet,48.0,348.84,2023-05,2023,Saturday
2550,2023-01-03,334,East,Clothing,8,288.06,UPI,20.0,2304.48,2023-01,2023,Tuesday
2957,2023-04-17,165,South,Clothing,8,167.86,Credit Card,61.0,1342.88,2023-04,2023,Monday
1991,2023-09-18,366,North,Books,3,103.07,Cash,32.0,309.21,2023-09,2023,Monday
2387,2023-04-18,450,South,Electronics,3,490.61,Credit Card,47.0,1471.83,2023-04,2023,Tuesday
1935,2024-12-10,223,South,Electronics,2,57.96,Wallet,19.0,115.92,2024-12,2024,Tuesday
1388,2024-05-20,121,South,Sports,7,361.58,Wallet,34.0,2531.06,2024-05,2024,Monday
2486,2023-09-23,354,South,Clothing,6,144.56,Cash,24.0,867.36,2023-09,2023,Saturday
1391,2023-01-20,12,West,Home & Kitchen,4,99.25,Credit Card,44.0,397.0,2023-01,2023,Friday
1744,2024-10-06,320,North,Clothing,5,126.41,Credit Card,45.0,632.05,2024-10,2024,Sunday
1353,2024-05-11,200,East,Electronics,5,154.63,Debit Card,53.0,773.15,2024-05,2024,Saturday
2218,2024-10-04,98,North,Electronics,2,30.76,Debit Card,45.0,61.52,2024-10,2024,Friday
1236,2024-09-01,406,North,Sports,3,18.95,Credit Card,58.0,56.85,2024-09,2024,Sunday
2983,2024-11-21,359,South,Clothing,1,346.46,Debit Card,50.0,346.46,2024-11,2024,Thursday
1481,2023-01-23,405,West,Electronics,6,25.89,Debit Card,66.0,155.34,2023-01,2023,Monday
1568,2024-03-30,149,South,Electronics,2,143.4,Cash,44.0,286.8,2024-03,2024,Saturday
2141,2024-10-22,7,West,Clothing,8,226.84,Wallet,64.0,1814.72,2024-10,2024,Tuesday
2704,2023-03-16,277,East,Clothing,6,431.23,Debit Card,64.0,2587.38,2023-03,2023,Thursday
2889,2024-02-24,369,North,Books,9,248.48,UPI,58.0,2236.32,2024-02,2024,Saturday
2733,2023-03-01,417,North,Electronics,4,81.57,Cash,58.0,326.28,2023-03,2023,Wednesday
1121,2023-02-17,267,West,Books,1,124.15,UPI,45.0,124.15,2023-02,2023,Friday
2389,2024-03-10,364,East,Electronics,1,397.8,Credit Card,54.0,397.8,2024-03,2024,Sunday
2750,2024-06-10,175,North,Books,9,498.03,Credit Card,24.0,4482.27,2024-06,2024,Monday
2025,2023-01-05,161,West,Clothing,5,425.14,UPI,60.0,2125.7,2023-01,2023,Thursday
2087,2023-09-18,313,South,Home & Kitchen,7,416.63,UPI,40.0,2916.41,2023-09,2023,Monday
2273,2023-09-18,44,South,Sports,2,190.1,Wallet,63.0,380.2,2023-09,2023,Monday
1927,2023-11-16,121,West,Electronics,5,86.44,Cash,44.0,432.2,2023-11,2023,Thursday
1516,2023-09-10,482,North,Home & Kitchen,3,51.9,Wallet,59.0,155.7,2023-09,2023,Sunday
1224,2024-12-30,374,North,Electronics,7,181.58,Credit Card,64.0,1271.06,2024-12,2024,Monday
2494,2023-05-22,35,North,Books,4,260.97,Credit Card,31.0,1043.88,2023-05,2023,Monday
1844,2023-12-12,150,North,Electronics,3,40.83,Wallet,27.0,122.49,2023-12,2023,Tuesday
2246,2024-05-05,366,South,Books,2,366.9,UPI,36.0,733.8,2024-05,2024,Sunday
1053,2023-11-12,287,South,Sports,6,285.11,Credit Card,46.0,1710.66,2023-11,2023,Sunday
2868,2024-10-04,196,West,Home & Kitchen,9,49.46,Wallet,56.0,445.14,2024-10,2024,Friday
1486,2024-10-20,419,East,Clothing,6,492.54,Wallet,65.0,2955.24,2024-10,2024,Sunday
2940,2024-01-30,134,North,Books,1,246.03,Credit Card,54.0,246.03,2024-01,2024,Tuesday
1819,2023-04-05,122,East,Home & Kitchen,8,419.73,UPI,34.0,3357.84,2023-04,2023,Wednesday
1156,2024-11-29,498,North,Electronics,2,24.83,UPI,47.0,49.66,2024-11,2024,Friday
2367,2023-12-31,281,West,Sports,1,397.39,Credit Card,43.0,397.39,2023-12,2023,Sunday
1601,2024-05-06,483,West,Books,6,23.99,UPI,67.0,143.94,2024-05,2024,Monday
2624,2024-01-29,311,West,Home & Kitchen,1,96.99,Cash,38.0,96.99,2024-01,2024,Monday
1249,2023-12-12,125,South,Clothing,4,288.09,UPI,69.0,1152.36,2023-12,2023,Tuesday
1762,2024-05-02,49,East,Sports,2,166.16,Cash,19.0,332.32,2024-05,2024,Thursday
2852,2023-05-27,360,North,Home & Kitchen,5,113.93,Debit Card,23.0,569.65,2023-05,2023,Saturday
2131,2024-02-11,84,North,Electronics,5,345.21,UPI,39.0,1726.05,2024-02,2024,Sunday
1543,2023-04-06,254,West,Home & Kitchen,5,413.44,Cash,26.0,2067.2,2023-04,2023,Thursday
1794,2023-11-04,271,South,Home & Kitchen,4,181.97,UPI,48.0,727.88,2023-11,2023,Saturday
2142,2024-03-06,70,South,Books,6,320.16,Debit Card,53.0,1920.96,2024-03,2024,Wednesday
2472,2023-05-21,393,North,Sports,5,94.0,Debit Card,62.0,470.0,2023-05,2023,Sunday
1629,2023-09-09,474,East,Books,2,336.03,Debit Card,52.0,672.06,2023-09,2023,Saturday
1151,2023-06-20,43,East,Sports,4,409.31,Wallet,26.0,1637.24,2023-06,2023,Tuesday
2741,2024-11-16,153,East,Electronics,9,455.95,Credit Card,59.0,4103.55,2024-11,2024,Saturday
1292,2023-04-14,11,West,Clothing,4,316.46,UPI,42.0,1265.84,2023-04,2023,Friday
1382,2023-02-08,303,West,Electronics,3,136.32,Debit Card,68.0,408.96,2023-02,2023,Wednesday
1687,2024-04-15,284,West,Books,13,256.41,Wallet,19.0,3333.33,2024-04,2024,Monday
2368,2024-04-26,404,West,Electronics,4,316.41,Wallet,25.0,1265.64,2024-04,2024,Friday
2225,2023-06-27,76,East,Electronics,3,453.13,Wallet,63.0,1359.39,2023-06,2023,Tuesday
1898,2023-08-19,483,East,Home & Kitchen,7,55.96,Cash,46.0,391.72,2023-08,2023,Saturday
1855,2023-02-25,463,East,Home & Kitchen,3,74.16,Credit Card,38.0,222.48,2023-02,2023,Saturday
2072,2023-10-16,405,West,Electronics,1,451.12,UPI,67.0,451.12,2023-10,2023,Monday
2973,2023-10-20,51,South,Clothing,9,438.76,Credit Card,51.0,3948.84,2023-10,2023,Friday
2710,2024-06-22,39,North,Home & Kitchen,5,138.64,Credit Card,33.0,693.2,2024-06,2024,Saturday
1892,2024-09-22,364,East,Home & Kitchen,6,198.81,Debit Card,32.0,1192.86,2024-09,2024,Sunday
2779,2024-12-29,202,South,Electronics,4,110.8,Credit Card,62.0,443.2,2024-12,2024,Sunday
2365,2024-05-05,353,East,Clothing,2,276.27,Cash,45.0,552.54,2024-05,2024,Sunday
1616,2023-12-05,246,North,Books,2,213.34,Cash,23.0,426.68,2023-12,2023,Tuesday
1155,2023-06-09,302,West,Books,6,249.2,Debit Card,45.0,1495.2,2023-06,2023,Friday
2194,2023-11-14,354,North,Electronics,5,483.0,Credit Card,64.0,2415.0,2023-11,2023,Tuesday
2838,2023-10-11,122,West,Sports,3,38.56,UPI,27.0,115.68,2023-10,2023,Wednesday
2804,2024-10-27,296,East,Sports,1,34.74,Wallet,26.0,34.74,2024-10,2024,Sunday
1323,2023-08-18,288,East,Sports,8,92.32,Wallet,53.0,738.56,2023-08,2023,Friday
2568,2024-04-07,477,North,Sports,4,322.15,Debit Card,61.0,1288.6,2024-04,2024,Sunday
1083,2024-04-06,102,East,Books,1,8.51,Cash,56.0,8.51,2024-04,2024,Saturday
1513,2023-01-12,25,West,Home & Kitchen,3,282.77,Credit Card,62.0,848.31,2023-01,2023,Thursday
2546,2024-11-20,309,South,Clothing,8,388.83,Credit Card,44.0,3110.64,2024-11,2024,Wednesday
2503,2024-07-08,270,West,Clothing,9,373.05,UPI,60.0,3357.45,2024-07,2024,Monday
1930,2024-01-12,377,South,Home & Kitchen,4,23.72,Debit Card,49.0,94.88,2024-01,2024,Friday
2654,2024-08-08,283,East,Sports,6,271.02,Wallet,44.0,1626.12,2024-08,2024,Thursday
2358,2023-10-03,59,South,Sports,3,296.72,Debit Card,52.0,890.16,2023-10,2023,Tuesday
1011,2023-08-03,336,West,Electronics,3,239.35,Wallet,63.0,718.05,2023-08,2023,Thursday
1832,2023-02-20,126,West,Home & Kitchen,4,223.17,UPI,60.0,892.68,2023-02,2023,Monday
1033,2024-04-19,427,East,Electronics,6,323.47,Credit Card,44.0,1940.82,2024-04,2024,Friday
2533,2024-05-20,317,East,Clothing,3,271.5,Debit Card,65.0,814.5,2024-05,2024,Monday
1414,2023-02-23,149,South,Electronics,6,107.87,Wallet,34.0,647.22,2023-02,2023,Thursday
1581,2024-07-18,103,East,Home & Kitchen,3,221.39,Wallet,66.0,664.17,2024-07,2024,Thursday
2407,2024-12-27,417,East,Home & Kitchen,7,214.11,UPI,35.0,1498.77,2024-12,2024,Friday
2706,2024-11-17,59,East,Clothing,8,340.42,Credit Card,18.0,2723.36,2024-11,2024,Sunday
2509,2024-01-15,83,North,Clothing,7,214.6,Credit Card,38.0,1502.2,2024-01,2024,Monday
2931,2023-08-17,485,East,Clothing,5,132.84,UPI,55.0,664.2,2023-08,2023,Thursday
1615,2024-02-26,405,South,Sports,9,340.94,Cash,52.0,3068.46,2024-02,2024,Monday
2046,2023-05-25,50,North,Clothing,9,341.89,UPI,49.0,3077.01,2023-05,2023,Thursday
2403,2023-08-04,156,South,Clothing,8,296.52,UPI,64.0,2372.16,2023-08,2023,Friday
2015,2024-05-27,116,West,Sports,3,412.21,Cash,62.0,1236.63,2024-05,2024,Monday
1090,2023-12-04,82,West,Clothing,9,268.01,Wallet,45.0,2412.09,2023-12,2023,Monday
2917,2024-07-06,430,East,Books,6,367.46,Debit Card,20.0,2204.76,2024-07,2024,Saturday
1602,2023-09-10,7,West,Electronics,5,436.04,UPI,35.0,2180.2,2023-09,2023,Sunday
2238,2024-08-26,448,South,Home & Kitchen,8,372.44,Debit Card,42.0,2979.52,2024-08,2024,Monday
2863,2024-10-23,290,West,Clothing,7,229.81,Wallet,60.0,1608.67,2024-10,2024,Wednesday
1134,2023-08-06,304,East,Books,9,178.57,Cash,34.0,1607.13,2023-08,2023,Sunday
2371,2024-03-25,382,North,Electronics,1,340.28,Cash,48.0,340.28,2024-03,2024,Monday
1556,2024-12-29,382,West,Electronics,5,54.81,Debit Card,66.0,274.05,2024-12,2024,Sunday
2032,2023-02-11,475,West,Electronics,5,138.21,UPI,18.0,691.05,2023-02,2023,Saturday
2587,2023-10-28,172,East,Home & Kitchen,3,194.08,Credit Card,65.0,582.24,2023-10,2023,Saturday
1321,2024-10-31,102,East,Electronics,1,245.77,Debit Card,21.0,245.77,2024-10,2024,Thursday
2795,2023-04-02,454,East,Electronics,3,281.63,Debit Card,64.0,844.89,2023-04,2023,Sunday
2212,2023-04-24,2,East,Sports,1,110.83,Credit Card,23.0,110.83,2023-04,2023,Monday
2761,2024-01-21,485,North,Electronics,4,114.64,UPI,44.0,458.56,2024-01,2024,Sunday
1635,2024-12-14,485,West,Books,4,473.46,Cash,19.0,1893.84,2024-12,2024,Saturday
1553,2023-09-30,266,East,Clothing,6,210.81,Cash,57.0,1264.86,2023-09,2023,Saturday
2329,2024-03-30,380,North,Sports,8,37.62,Debit Card,57.0,300.96,2024-03,2024,Saturday
2056,2023-06-28,337,South,Clothing,5,427.41,Debit Card,49.0,2137.05,2023-06,2023,Wednesday
2937,2023-10-28,357,East,Books,9,385.09,Cash,43.0,3465.81,2023-10,2023,Saturday
1797,2024-04-25,402,South,Books,7,347.94,Wallet,22.0,2435.58,2024-04,2024,Thursday
2684,2024-01-16,353,North,Clothing,6,205.78,Wallet,37.0,1234.68,2024-01,2024,Tuesday
2734,2024-03-05,301,North,Books,1,228.52,UPI,36.0,228.52,2024-03,2024,Tuesday
1175,2023-08-13,277,East,Clothing,3,194.61,Cash,64.0,583.83,2023-08,2023,Sunday
1767,2024-07-04,105,South,Books,3,313.54,Debit Card,67.0,940.62,2024-07,2024,Thursday
1246,2023-12-15,472,South,Books,6,403.17,Wallet,44.0,2419.02,2023-12,2023,Friday
2081,2023-08-16,231,North,Clothing,5,36.32,UPI,67.0,181.6,2023-08,2023,Wednesday
2760,2023-04-27,82,North,Electronics,8,338.74,Cash,31.0,2709.92,2023-04,2023,Thursday
1146,2023-04-06,293,North,Books,7,124.47,UPI,23.0,871.29,2023-04,2023,Thursday
1091,2023-02-22,397,North,Home & Kitchen,6,202.86,Debit Card,48.0,1217.16,2023-02,2023,Wednesday
2417,2024-07-24,75,South,Clothing,7,13.89,Cash,50.0,97.23,2024-07,2024,Wednesday
1683,2024-01-08,314,North,Clothing,4,235.1,Credit Card,61.0,940.4,2024-01,2024,Monday
1311,2023-05-15,425,East,Clothing,4,207.73,UPI,44.0,830.92,2023-05,2023,Monday
2384,2023-05-11,428,South,Home & Kitchen,9,209.36,Debit Card,44.0,1884.24,2023-05,2023,Thursday
1094,2024-01-15,339,North,Clothing,6,152.58,UPI,44.0,915.48,2024-01,2024,Monday
2589,2023-11-14,201,West,Home & Kitchen,7,168.34,Credit Card,69.0,1178.38,2023-11,2023,Tuesday
1925,2024-11-22,462,North,Electronics,9,5.35,UPI,38.0,48.15,2024-11,2024,Friday
2709,2024-04-03,41,West,Electronics,9,35.46,Cash,42.0,319.14,2024-04,2024,Wednesday
2036,2023-10-22,78,South,Books,8,69.52,Debit Card,20.0,556.16,2023-10,2023,Sunday
2401,2023-11-14,496,North,Sports,6,58.44,Credit Card,48.0,350.64,2023-11,2023,Tuesday
1244,2023-11-22,271,South,Electronics,3,260.97,Credit Card,27.0,782.91,2023-11,2023,Wednesday
2501,2024-03-07,424,East,Home & Kitchen,5,221.33,UPI,24.0,1106.65,2024-03,2024,Thursday
2112,2024-09-07,439,South,Home & Kitchen,2,345.71,Wallet,48.0,691.42,2024-09,2024,Saturday
1215,2023-08-08,312,East,Sports,1,14.09,Debit Card,22.0,14.09,2023-08,2023,Tuesday
1809,2023-03-10,468,North,Books,9,31.45,Cash,25.0,283.05,2023-03,2023,Friday
2198,2023-11-01,169,East,Sports,5,227.32,UPI,66.0,1136.6,2023-11,2023,Wednesday
1999,2023-11-15,486,North,Electronics,7,9.18,UPI,50.0,64.26,2023-11,2023,Wednesday
1854,2023-08-27,213,West,Electronics,1,452.01,Debit Card,20.0,452.01,2023-08,2023,Sunday
1426,2024-10-17,226,West,Electronics,4,83.47,Debit Card,62.0,333.88,2024-10,2024,Thursday
2914,2023-01-02,260,East,Electronics,1,285.39,UPI,51.0,285.39,2023-01,2023,Monday
2143,2023-11-05,127,North,Home & Kitchen,9,114.51,Wallet,44.0,1030.59,2023-11,2023,Sunday
2144,2023-05-17,399,West,Sports,4,340.15,Credit Card,22.0,1360.6,2023-05,2023,Wednesday
1227,2024-02-20,385,North,Home & Kitchen,6,26.61,Cash,67.0,159.66,2024-02,2024,Tuesday
2649,2024-11-05,401,South,Clothing,1,423.87,Wallet,56.0,423.87,2024-11,2024,Tuesday
1001,2023-04-13,178,South,Electronics,5,46.04,Wallet,66.0,230.2,2023-04,2023,Thursday
2419,2024-06-21,279,North,Clothing,9,257.64,Debit Card,65.0,2318.76,2024-06,2024,Friday
1402,2024-10-26,348,North,Sports,3,322.58,UPI,56.0,967.74,2024-10,2024,Saturday
2429,2024-09-20,347,West,Sports,2,415.12,Debit Card,54.0,830.24,2024-09,2024,Friday
2104,2024-12-12,408,East,Clothing,5,260.54,Wallet,44.0,1302.7,2024-12,2024,Thursday
1085,2023-09-09,132,East,Sports,8,183.11,Wallet,29.0,1464.88,2023-09,2023,Saturday
1163,2024-10-07,107,East,Home & Kitchen,8,295.45,Credit Card,59.0,2363.6,2024-10,2024,Monday
1115,2023-08-19,224,South,Electronics,4,155.09,Wallet,51.0,620.36,2023-08,2023,Saturday
1671,2023-08-15,17,South,Home & Kitchen,7,35.3,Wallet,30.0,247.1,2023-08,2023,Tuesday
2175,2023-06-05,345,East,Electronics,2,54.87,Cash,65.0,109.74,2023-06,2023,Monday
2548,2023-05-25,489,East,Sports,6,381.55,UPI,24.0,2289.3,2023-05,2023,Thursday
2536,2023-02-23,465,West,Electronics,1,6.84,UPI,44.0,6.84,2023-02,2023,Thursday
2393,2023-10-02,216,South,Home & Kitchen,4,15.88,Wallet,21.0,63.52,2023-10,2023,Monday
1890,2023-01-15,72,South,Electronics,6,239.35,UPI,54.0,1436.1,2023-01,2023,Sunday
2502,2024-12-05,344,North,Books,7,201.46,UPI,26.0,1410.22,2024-12,2024,Thursday
1626,2023-10-28,65,South,Books,6,40.92,UPI,33.0,245.52,2023-10,2023,Saturday
2551,2023-06-09,222,South,Clothing,3,130.55,UPI,32.0,391.65,2023-06,2023,Friday
2987,2023-10-03,92,East,Electronics,7,36.92,Debit Card,54.0,258.44,2023-10,2023,Tuesday
1953,2023-11-18,310,North,Books,8,365.15,Wallet,63.0,2921.2,2023-11,2023,Saturday
1808,2024-05-22,414,East,Books,8,41.41,Cash,49.0,331.28,2024-05,2024,Wednesday
1259,2024-04-17,50,North,Books,7,472.84,Wallet,34.0,3309.88,2024-04,2024,Wednesday
1625,2023-08-05,389,South,Books,3,43.78,Debit Card,55.0,131.34,2023-08,2023,Saturday
1827,2024-10-28,431,East,Electronics,2,346.32,Cash,40.0,692.64,2024-10,2024,Monday
1235,2023-10-07,375,East,Home & Kitchen,9,38.16,Debit Card,39.0,343.44,2023-10,2023,Saturday
1136,2024-02-02,454,East,Electronics,7,269.11,Debit Card,62.0,1883.77,2024-02,2024,Friday
1617,2024-10-09,230,South,Books,9,480.9,Debit Card,31.0,4328.1,2024-10,2024,Wednesday
2953,2023-11-09,496,East,Books,2,40.81,Credit Card,60.0,81.62,2023-11,2023,Thursday
2988,2024-11-23,447,North,Books,8,289.28,Debit Card,21.0,2314.24,2024-11,2024,Saturday
1837,2024-11-12,135,West,Home & Kitchen,13,382.21,Wallet,32.0,4968.73,2024-11,2024,Tuesday
1843,2024-07-06,86,South,Home & Kitchen,9,223.17,UPI,49.0,2008.53,2024-07,2024,Saturday
1960,2024-05-18,260,West,Clothing,2,104.23,Wallet,51.0,208.46,2024-05,2024,Saturday
1593,2023-05-13,231,East,Home & Kitchen,6,187.31,UPI,45.0,1123.86,2023-05,2023,Saturday
2315,2023-01-17,387,North,Books,6,78.89,Debit Card,37.0,473.34,2023-01,2023,Tuesday
2526,2023-08-31,121,East,Electronics,9,296.92,Credit Card,44.0,2672.28,2023-08,2023,Thursday
2292,2024-06-04,408,South,Electronics,9,213.21,Credit Card,38.0,1918.89,2024-06,2024,Tuesday
1344,2023-06-07,130,East,Books,4,77.99,Wallet,55.0,311.96,2023-06,2023,Wednesday
2672,2023-01-22,177,North,Home & Kitchen,5,403.11,Cash,51.0,2015.55,2023-01,2023,Sunday
2597,2023-10-16,480,East,Books,2,262.49,Debit Card,62.0,524.98,2023-10,2023,Monday
1294,2023-08-15,457,North,Electronics,8,357.01,Wallet,30.0,2856.08,2023-08,2023,Tuesday
1365,2023-05-08,258,North,Electronics,7,239.35,Wallet,41.0,1675.45,2023-05,2023,Monday
1179,2024-09-24,290,West,Sports,4,246.11,Debit Card,64.0,984.44,2024-09,2024,Tuesday
1660,2023-02-27,221,South,Books,2,46.9,Wallet,21.0,93.8,2023-02,2023,Monday
1997,2024-08-18,30,North,Home & Kitchen,3,176.19,Credit Card,27.0,528.57,2024-08,2024,Sunday
1015,2024-01-08,375,North,Sports,7,466.21,Credit Card,66.0,3263.47,2024-01,2024,Monday
2111,2023-05-21,163,West,Books,5,109.45,Credit Card,69.0,547.25,2023-05,2023,Sunday
2395,2023-02-13,470,East,Home & Kitchen,5,11.9,Debit Card,68.0,59.5,2023-02,2023,Monday
1166,2024-07-09,117,West,Sports,6,136.16,Cash,18.0,816.96,2024-07,2024,Tuesday
2906,2023-01-21,325,East,Electronics,7,486.98,Cash,66.0,3408.86,2023-01,2023,Saturday
2360,2023-10-16,128,North,Books,6,105.48,Wallet,65.0,632.88,2023-10,2023,Monday
1060,2024-01-02,90,North,Clothing,7,163.68,Credit Card,35.0,1145.76,2024-01,2024,Tuesday
1710,2024-04-05,333,South,Home & Kitchen,2,337.53,Credit Card,44.0,675.06,2024-04,2024,Friday
1677,2023-08-21,60,West,Home & Kitchen,1,130.03,UPI,61.0,130.03,2023-08,2023,Monday
2379,2023-03-02,486,South,Clothing,9,399.91,Cash,29.0,3599.19,2023-03,2023,Thursday
1781,2023-07-26,258,North,Books,2,77.99,Wallet,69.0,155.98,2023-07,2023,Wednesday
1425,2023-02-16,38,North,Books,2,489.24,UPI,57.0,978.48,2023-02,2023,Thursday
1293,2023-09-11,138,South,Clothing,3,351.16,Debit Card,58.0,1053.48,2023-09,2023,Monday
2066,2024-02-24,69,East,Electronics,7,257.33,Cash,38.0,1801.31,2024-02,2024,Saturday
2816,2024-09-26,357,South,Clothing,1,161.25,UPI,59.0,161.25,2024-09,2024,Thursday
1330,2023-10-04,353,North,Electronics,9,187.66,Wallet,22.0,1688.94,2023-10,2023,Wednesday
1430,2023-04-16,151,East,Books,3,68.87,Wallet,34.0,206.61,2023-04,2023,Sunday
2013,2024-08-10,146,North,Home & Kitchen,9,444.47,Wallet,33.0,4000.23,2024-08,2024,Saturday
1080,2023-09-27,324,East,Sports,6,227.32,Credit Card,40.0,1363.92,2023-09,2023,Wednesday
2053,2024-10-07,118,North,Clothing,2,44.4,Debit Card,44.0,88.8,2024-10,2024,Monday
1938,2024-09-15,211,North,Sports,3,132.19,Debit Card,31.0,396.57,2024-09,2024,Sunday
1835,2024-04-10,360,West,Sports,2,20.37,UPI,39.0,40.74,2024-04,2024,Wednesday
1750,2024-04-02,220,East,Sports,1,431.21,UPI,22.0,431.21,2024-04,2024,Tuesday
1891,2023-07-11,129,West,Sports,6,48.42,Wallet,18.0,290.52,2023-07,2023,Tuesday
1255,2024-10-01,154,South,Home & Kitchen,6,243.59,Wallet,43.0,1461.54,2024-10,2024,Tuesday
2758,2024-12-26,127,West,Books,8,145.31,UPI,67.0,1162.48,2024-12,2024,Thursday
2999,2024-05-09,99,South,Clothing,3,178.37,Wallet,44.0,535.11,2024-05,2024,Thursday
2408,2024-04-29,469,South,Clothing,4,202.05,Credit Card,21.0,808.2,2024-04,2024,Monday
2338,2023-12-29,275,South,Books,9,156.18,UPI,32.0,1405.62,2023-12,2023,Friday
2109,2024-01-31,220,North,Home & Kitchen,3,356.04,Cash,59.0,1068.12,2024-01,2024,Wednesday
1137,2024-01-28,412,South,Books,7,5.12,Wallet,54.0,35.84,2024-01,2024,Sunday
2136,2024-02-24,21,East,Electronics,7,379.49,Credit Card,54.0,2656.43,2024-02,2024,Saturday
2219,2024-04-02,144,West,Home & Kitchen,2,442.7,Wallet,44.0,885.4,2024-04,2024,Tuesday
1853,2023-08-02,29,East,Home & Kitchen,9,375.38,Cash,66.0,3378.42,2023-08,2023,Wednesday
2203,2024-02-28,98,East,Home & Kitchen,3,344.51,Debit Card,20.0,1033.53,2024-02,2024,Wednesday
2912,2024-06-09,75,West,Clothing,9,157.89,Credit Card,65.0,1421.01,2024-06,2024,Sunday
1724,2024-01-09,232,West,Sports,9,63.19,Cash,26.0,568.71,2024-01,2024,Tuesday
1860,2023-12-03,463,South,Sports,7,266.09,Debit Card,50.0,1862.63,2023-12,2023,Sunday
1970,2024-10-06,14,North,Books,4,246.03,Cash,31.0,984.12,2024-10,2024,Sunday
1497,2024-10-25,310,North,Clothing,2,291.67,UPI,55.0,583.34,2024-10,2024,Friday
1951,2023-11-08,230,South,Sports,6,193.67,Wallet,30.0,1162.02,2023-11,2023,Wednesday
1806,2024-02-05,114,East,Sports,2,375.91,Cash,58.0,751.82,2024-02,2024,Monday
1130,2024-09-04,3,West,Sports,7,24.21,Debit Card,24.0,169.47,2024-09,2024,Wednesday
1338,2023-07-11,425,East,Electronics,7,239.35,UPI,57.0,1675.45,2023-07,2023,Tuesday
1609,2024-01-28,86,South,Books,1,226.14,Debit Card,22.0,226.14,2024-01,2024,Sunday
2149,2024-10-27,148,East,Sports,3,447.58,Credit Card,37.0,1342.74,2024-10,2024,Sunday
1196,2024-04-16,158,East,Electronics,8,21.98,Debit Card,31.0,175.84,2024-04,2024,Tuesday
2251,2024-04-13,232,North,Sports,2,316.31,Credit Card,61.0,632.62,2024-04,2024,Saturday
2293,2024-07-05,476,East,Electronics,3,243.07,UPI,19.0,729.21,2024-07,2024,Friday
1910,2023-08-21,219,East,Sports,9,230.47,Credit Card,51.0,2074.23,2023-08,2023,Monday
1585,2023-02-08,359,East,Home & Kitchen,4,499.46,Credit Card,36.0,1997.84,2023-02,2023,Wednesday
1104,2024-04-16,65,North,Clothing,4,275.57,Debit Card,69.0,1102.28,2024-04,2024,Tuesday
2618,2023-01-07,307,West,Electronics,6,119.63,Wallet,62.0,717.78,2023-01,2023,Saturday
2875,2023-11-28,275,North,Home & Kitchen,8,254.85,Debit Card,36.0,2038.8,2023-11,2023,Tuesday
2894,2023-12-01,418,East,Home & Kitchen,4,86.37,Wallet,58.0,345.48,2023-12,2023,Friday
1720,2023-08-30,17,South,Electronics,6,100.05,Debit Card,49.0,600.3,2023-08,2023,Wednesday
1885,2024-09-14,111,West,Home & Kitchen,2,375.45,Debit Card,58.0,750.9,2024-09,2024,Saturday
1777,2024-01-24,164,South,Clothing,1,104.08,Wallet,41.0,104.08,2024-01,2024,Wednesday
2570,2024-06-20,369,South,Clothing,5,138.68,UPI,30.0,693.4,2024-06,2024,Thursday
1850,2023-09-06,269,North,Books,3,279.26,Debit Card,48.0,837.78,2023-09,2023,Wednesday
1895,2024-12-14,449,North,Home & Kitchen,3,314.23,Wallet,50.0,942.69,2024-12,2024,Saturday
1228,2023-09-04,172,North,Clothing,6,122.13,Wallet,46.0,732.78,2023-09,2023,Monday
2908,2023-04-10,376,East,Sports,1,387.57,Cash,58.0,387.57,2023-04,2023,Monday
2326,2023-06-17,8,East,Sports,6,340.27,UPI,48.0,2041.62,2023-06,2023,Saturday
2300,2024-05-08,393,South,Clothing,7,408.94,Wallet,26.0,2862.58,2024-05,2024,Wednesday
1127,2024-11-14,450,North,Electronics,7,456.23,Cash,48.0,3193.61,2024-11,2024,Thursday
1406,2023-05-05,5,North,Electronics,5,154.22,Cash,39.0,771.1,2023-05,2023,Friday
1776,2023-08-24,149,East,Clothing,7,259.71,Credit Card,34.0,1817.97,2023-08,2023,Thursday
1822,2023-12-26,119,West,Sports,1,132.05,Debit Card,48.0,132.05,2023-12,2023,Tuesday
1712,2024-06-30,87,North,Home & Kitchen,9,223.17,Debit Card,24.0,2008.53,2024-06,2024,Sunday
2958,2024-11-17,489,East,Electronics,2,198.77,Cash,52.0,397.54,2024-11,2024,Sunday
2061,2024-09-14,426,South,Home & Kitchen,1,385.78,Cash,68.0,385.78,2024-09,2024,Saturday
2164,2024-10-25,21,South,Electronics,2,398.22,UPI,45.0,796.44,2024-10,2024,Friday
1304,2024-11-11,85,North,Clothing,1,52.93,Credit Card,66.0,52.93,2024-11,2024,Monday
1268,2024-07-25,403,East,Clothing,4,336.18,Credit Card,27.0,1344.72,2024-07,2024,Thursday
2558,2023-09-24,361,East,Books,8,157.77,Wallet,56.0,1262.16,2023-09,2023,Sunday
1546,2023-07-09,151,North,Sports,2,155.86,UPI,31.0,311.72,2023-07,2023,Sunday
1213,2023-01-02,71,East,Sports,1,244.67,Credit Card,54.0,244.67,2023-01,2023,Monday
1897,2023-09-30,104,West,Clothing,3,192.12,UPI,62.0,576.36,2023-09,2023,Saturday
2493,2024-03-04,190,South,Electronics,9,229.42,UPI,41.0,2064.78,2024-03,2024,Monday
2223,2023-02-24,167,East,Home & Kitchen,1,488.16,Wallet,38.0,488.16,2023-02,2023,Friday
1917,2023-02-03,420,South,Sports,8,462.49,Credit Card,55.0,3699.92,2023-02,2023,Friday
2552,2023-04-30,41,West,Clothing,3,117.89,Credit Card,46.0,353.67,2023-04,2023,Sunday
1676,2023-02-16,130,West,Books,1,390.87,Debit Card,68.0,390.87,2023-02,2023,Thursday
2290,2023-07-28,74,North,Electronics,2,481.58,Debit Card,68.0,963.16,2023-07,2023,Friday
1815,2023-02-12,113,North,Books,7,385.2,UPI,56.0,2696.4,2023-02,2023,Sunday
2266,2024-06-06,447,South,Home & Kitchen,5,201.14,Debit Card,62.0,1005.7,2024-06,2024,Thursday
1343,2023-08-08,316,East,Sports,7,257.01,Cash,58.0,1799.07,2023-08,2023,Tuesday
1550,2024-06-08,5,West,Books,6,102.14,Wallet,69.0,612.84,2024-06,2024,Saturday
2411,2023-07-19,34,West,Electronics,6,488.13,Cash,39.0,2928.78,2023-07,2023,Wednesday
2215,2024-10-05,57,East,Books,6,332.06,Debit Card,26.0,1992.36,2024-10,2024,Saturday
1967,2024-03-10,71,North,Clothing,5,347.47,Debit Card,24.0,1737.35,2024-03,2024,Sunday
2231,2023-11-24,59,East,Clothing,8,494.19,Credit Card,58.0,3953.52,2023-11,2023,Friday
1296,2024-05-24,77,East,Clothing,2,430.58,Wallet,57.0,861.16,2024-05,2024,Friday
1696,2023-12-14,79,West,Electronics,1,460.34,Debit Card,66.0,460.34,2023-12,2023,Thursday
2453,2023-12-30,67,South,Electronics,2,223.41,Credit Card,42.0,446.82,2023-12,2023,Saturday
1074,2024-12-03,73,South,Electronics,8,285.33,Wallet,26.0,2282.64,2024-12,2024,Tuesday
1606,2024-10-14,14,South,Clothing,9,335.37,Wallet,29.0,3018.33,2024-10,2024,Monday
1105,2023-03-04,76,East,Electronics,5,220.84,Wallet,26.0,1104.2,2023-03,2023,Saturday
1646,2024-04-20,308,East,Sports,3,146.2,Credit Card,58.0,438.6,2024-04,2024,Saturday
2405,2024-10-22,218,East,Books,4,372.39,Credit Card,47.0,1489.56,2024-10,2024,Tuesday
2992,2023-05-06,397,North,Books,9,431.2,Credit Card,20.0,3880.8,2023-05,2023,Saturday
2041,2024-02-26,90,West,Sports,2,209.39,Cash,38.0,418.78,2024-02,2024,Monday
1440,2023-05-07,449,North,Clothing,1,483.6,Credit Card,48.0,483.6,2023-05,2023,Sunday
2020,2023-08-17,303,East,Books,3,79.5,Cash,29.0,238.5,2023-08,2023,Thursday
1092,2023-08-05,489,North,Sports,5,477.08,Wallet,44.0,2385.4,2023-08,2023,Saturday
2113,2023-07-29,220,North,Electronics,4,113.76,Cash,28.0,455.04,2023-07,2023,Saturday
2781,2024-02-29,307,South,Clothing,1,209.32,Wallet,25.0,209.32,2024-02,2024,Thursday
1909,2023-03-08,231,West,Home & Kitchen,2,261.52,Debit Card,22.0,523.04,2023-03,2023,Wednesday
2475,2024-08-30,333,North,Electronics,7,377.73,Wallet,25.0,2644.11,2024-08,2024,Friday
1103,2024-10-09,143,North,Books,2,209.6,Cash,26.0,419.2,2024-10,2024,Wednesday
1239,2023-05-24,214,East,Clothing,3,210.88,Wallet,42.0,632.64,2023-05,2023,Wednesday
1943,2024-08-29,381,East,Books,6,218.6,Debit Card,36.0,1311.6,2024-08,2024,Thursday
2271,2024-01-31,387,South,Clothing,7,353.25,Credit Card,24.0,2472.75,2024-01,2024,Wednesday
1939,2024-05-30,101,West,Home & Kitchen,6,15.35,Cash,32.0,92.1,2024-05,2024,Thursday
2718,2024-10-20,127,East,Clothing,9,258.97,Cash,56.0,2330.73,2024-10,2024,Sunday
2182,2024-09-21,178,West,Sports,3,480.33,Wallet,67.0,1440.99,2024-09,2024,Saturday
2504,2024-02-03,154,South,Clothing,6,292.46,Credit Card,52.0,1754.76,2024-02,2024,Saturday
2670,2024-02-05,340,North,Sports,4,295.0,Cash,65.0,1180.0,2024-02,2024,Monday
1006,2024-12-01,151,South,Electronics,4,100.46,Debit Card,64.0,401.84,2024-12,2024,Sunday
2843,2024-11-30,288,North,Clothing,8,216.16,UPI,53.0,1729.28,2024-11,2024,Saturday
1966,2023-01-26,119,North,Electronics,1,304.82,Credit Card,62.0,304.82,2023-01,2023,Thursday
1019,2024-10-23,129,East,Books,2,257.44,Debit Card,56.0,514.88,2024-10,2024,Wednesday
2431,2023-05-17,289,South,Electronics,1,133.22,Credit Card,45.0,133.22,2023-05,2023,Wednesday
1122,2024-05-17,355,South,Electronics,7,123.77,UPI,63.0,866.39,2024-05,2024,Friday
1662,2024-11-15,413,North,Sports,3,227.32,Wallet,21.0,681.96,2024-11,2024,Friday
2708,2023-01-22,183,South,Sports,7,175.53,Cash,67.0,1228.71,2023-01,2023,Sunday
1275,2023-06-09,175,South,Home & Kitchen,5,361.38,Debit Card,44.0,1806.9,2023-06,2023,Friday
1434,2023-04-30,361,South,Clothing,7,25.09,Cash,43.0,175.63,2023-04,2023,Sunday
1812,2024-03-25,288,South,Home & Kitchen,7,309.38,Cash,32.0,2165.66,2024-03,2024,Monday
2301,2023-01-04,47,South,Electronics,7,402.27,Credit Card,66.0,2815.89,2023-01,2023,Wednesday
2336,2024-07-29,366,South,Books,1,67.88,Debit Card,66.0,67.88,2024-07,2024,Monday
2895,2024-02-22,176,East,Clothing,5,403.03,Wallet,63.0,2015.15,2024-02,2024,Thursday
2918,2023-11-14,363,South,Home & Kitchen,4,48.45,UPI,44.0,193.8,2023-11,2023,Tuesday
2571,2023-09-18,432,South,Clothing,4,107.38,UPI,48.0,429.52,2023-09,2023,Monday
1182,2023-12-25,452,West,Sports,7,465.29,Cash,26.0,3257.03,2023-12,2023,Monday
1185,2024-02-15,52,West,Books,4,64.27,UPI,60.0,257.08,2024-02,2024,Thursday
1407,2023-05-30,468,North,Electronics,8,51.81,Credit Card,59.0,414.48,2023-05,2023,Tuesday
1866,2024-11-22,278,East,Sports,5,457.74,Wallet,56.0,2288.7,2024-11,2024,Friday
2631,2023-12-22,429,North,Books,1,158.12,UPI,68.0,158.12,2023-12,2023,Friday
1521,2024-08-27,25,East,Electronics,4,17.23,Credit Card,21.0,68.92,2024-08,2024,Tuesday
2004,2024-08-28,19,West,Home & Kitchen,5,270.08,Debit Card,53.0,1350.4,2024-08,2024,Wednesday
1381,2023-06-25,287,East,Clothing,3,457.6,Credit Card,42.0,1372.8,2023-06,2023,Sunday
2435,2024-04-21,418,East,Sports,7,104.56,Cash,31.0,731.92,2024-04,2024,Sunday
2659,2023-12-01,449,West,Clothing,4,319.4,Credit Card,20.0,1277.6,2023-12,2023,Friday
2394,2024-09-04,226,South,Sports,7,409.35,UPI,32.0,2865.45,2024-09,2024,Wednesday
2425,2023-03-27,108,North,Clothing,9,421.51,Credit Card,33.0,3793.59,2023-03,2023,Monday
2613,2023-12-22,308,North,Sports,6,466.41,Wallet,51.0,2798.46,2023-12,2023,Friday
1428,2024-01-05,292,West,Home & Kitchen,7,185.24,UPI,36.0,1296.68,2024-01,2024,Friday
1079,2023-07-21,459,East,Clothing,7,14.96,UPI,36.0,104.72,2023-07,2023,Friday
2598,2023-09-19,65,East,Home & Kitchen,7,150.99,Debit Card,34.0,1056.93,2023-09,2023,Tuesday
2010,2024-01-11,113,West,Clothing,2,31.75,Cash,41.0,63.5,2024-01,2024,Thursday
2662,2023-05-10,109,West,Books,5,246.03,Debit Card,53.0,1230.15,2023-05,2023,Wednesday
1608,2023-06-19,229,South,Sports,3,436.42,UPI,27.0,1309.26,2023-06,2023,Monday
2810,2023-05-02,235,North,Clothing,7,9.57,UPI,47.0,66.99,2023-05,2023,Tuesday
1232,2023-05-03,47,North,Books,5,479.72,UPI,45.0,2398.6,2023-05,2023,Wednesday
2850,2023-08-31,63,East,Sports,8,160.06,Wallet,33.0,1280.48,2023-08,2023,Thursday
2058,2024-03-23,51,North,Sports,9,387.4,UPI,51.0,3486.6,2024-03,2024,Saturday
2441,2024-05-04,47,North,Electronics,6,138.98,Credit Card,35.0,833.88,2024-05,2024,Saturday
2515,2023-01-11,201,North,Books,1,248.3,UPI,44.0,248.3,2023-01,2023,Wednesday
2586,2023-02-09,451,North,Home & Kitchen,7,323.2,UPI,23.0,2262.4,2023-02,2023,Thursday
2092,2023-05-10,174,South,Home & Kitchen,6,68.84,Credit Card,49.0,413.04,2023-05,2023,Wednesday
2561,2024-09-26,86,North,Clothing,7,295.91,UPI,69.0,2071.37,2024-09,2024,Thursday
2102,2024-07-03,213,East,Home & Kitchen,4,85.01,Cash,32.0,340.04,2024-07,2024,Wednesday
2130,2024-12-26,107,West,Electronics,1,361.53,Debit Card,47.0,361.53,2024-12,2024,Thursday
2236,2023-02-20,319,East,Sports,6,227.32,Cash,38.0,1363.92,2023-02,2023,Monday
2792,2024-08-14,28,West,Sports,6,22.63,Credit Card,32.0,135.78,2024-08,2024,Wednesday
1959,2024-08-28,430,North,Sports,6,52.05,Debit Card,20.0,312.3,2024-08,2024,Wednesday
2663,2023-07-15,241,East,Electronics,7,394.74,Wallet,46.0,2763.18,2023-07,2023,Saturday
1560,2023-01-19,415,East,Clothing,5,146.68,Wallet,39.0,733.4,2023-01,2023,Thursday
1847,2023-03-19,22,South,Electronics,3,461.54,Debit Card,40.0,1384.62,2023-03,2023,Sunday
2771,2023-12-04,243,West,Books,2,215.38,Debit Card,64.0,430.76,2023-12,2023,Monday
1691,2024-02-12,264,West,Books,4,333.58,Debit Card,48.0,1334.32,2024-02,2024,Monday
2520,2024-07-17,206,South,Books,1,304.98,UPI,21.0,304.98,2024-07,2024,Wednesday
2966,2024-01-02,343,West,Electronics,4,254.02,Cash,51.0,1016.08,2024-01,2024,Tuesday
2893,2024-07-31,392,East,Books,8,449.83,UPI,38.0,3598.64,2024-07,2024,Wednesday
1437,2023-12-12,475,North,Clothing,9,152.3,UPI,65.0,1370.7,2023-12,2023,Tuesday
1491,2023-01-16,256,North,Clothing,2,229.65,Wallet,51.0,459.3,2023-01,2023,Monday
2865,2023-12-18,156,East,Sports,5,491.13,Wallet,41.0,2455.65,2023-12,2023,Monday
2630,2023-03-23,76,West,Home & Kitchen,1,215.12,Cash,47.0,215.12,2023-03,2023,Thursday
2388,2023-06-21,431,West,Sports,9,308.79,Credit Card,26.0,2779.11,2023-06,2023,Wednesday
1070,2024-01-25,169,South,Books,13,406.92,UPI,18.0,5289.96,2024-01,2024,Thursday
2573,2023-08-14,268,North,Electronics,7,211.03,UPI,69.0,1477.21,2023-08,2023,Monday
2185,2023-03-04,383,West,Home & Kitchen,3,201.83,UPI,23.0,605.49,2023-03,2023,Saturday
1012,2023-11-27,434,West,Home & Kitchen,2,164.23,Credit Card,33.0,328.46,2023-11,2023,Monday
1145,2024-07-17,304,East,Electronics,2,433.49,UPI,47.0,866.98,2024-07,2024,Wednesday
1918,2024-09-14,86,South,Home & Kitchen,6,17.07,Wallet,39.0,102.42,2024-09,2024,Saturday
2542,2023-01-20,308,North,Home & Kitchen,2,178.38,Debit Card,44.0,356.76,2023-01,2023,Friday
2452,2023-07-02,191,East,Books,7,107.01,UPI,53.0,749.07,2023-07,2023,Sunday
1640,2023-06-22,483,North,Books,1,419.28,Cash,47.0,419.28,2023-06,2023,Thursday
1177,2024-12-01,470,East,Electronics,4,15.07,Credit Card,65.0,60.28,2024-12,2024,Sunday
1995,2023-06-17,109,South,Sports,8,486.71,Credit Card,20.0,3893.68,2023-06,2023,Saturday
1441,2024-01-28,331,South,Clothing,9,265.66,Debit Card,29.0,2390.94,2024-01,2024,Sunday
1522,2024-08-24,79,North,Electronics,1,406.08,UPI,37.0,406.08,2024-08,2024,Saturday
2970,2023-11-30,354,North,Electronics,9,288.88,Cash,40.0,2599.92,2023-11,2023,Thursday
2713,2024-03-15,267,East,Home & Kitchen,6,114.66,Credit Card,21.0,687.96,2024-03,2024,Friday
2005,2023-04-05,432,North,Home & Kitchen,4,274.08,Cash,20.0,1096.32,2023-04,2023,Wednesday
2256,2023-03-26,92,North,Electronics,8,67.83,Debit Card,65.0,542.64,2023-03,2023,Sunday
2235,2024-08-01,243,North,Clothing,8,304.17,Wallet,47.0,2433.36,2024-08,2024,Thursday
2665,2023-08-30,424,West,Books,7,165.33,UPI,66.0,1157.31,2023-08,2023,Wednesday
1144,2023-08-29,482,East,Sports,3,254.61,UPI,56.0,763.83,2023-08,2023,Tuesday
1754,2023-03-19,256,North,Electronics,9,259.15,UPI,51.0,2332.35,2023-03,2023,Sunday
1520,2023-03-31,452,North,Sports,8,326.68,UPI,68.0,2613.44,2023-03,2023,Friday
1875,2023-03-19,19,North,Electronics,1,301.72,Cash,31.0,301.72,2023-03,2023,Sunday
2323,2023-01-27,417,East,Electronics,7,239.35,Wallet,40.0,1675.45,2023-01,2023,Friday
1823,2024-11-26,39,North,Home & Kitchen,1,298.53,UPI,28.0,298.53,2024-11,2024,Tuesday
1429,2024-09-27,481,East,Sports,3,321.5,Credit Card,24.0,964.5,2024-09,2024,Friday
1613,2023-01-29,62,West,Books,7,250.68,UPI,62.0,1754.76,2023-01,2023,Sunday
2506,2023-05-20,215,East,Home & Kitchen,8,89.53,UPI,38.0,716.24,2023-05,2023,Saturday
2784,2024-11-21,266,West,Clothing,4,188.87,Cash,22.0,755.48,2024-11,2024,Thursday
2033,2023-03-30,399,South,Clothing,4,402.55,Debit Card,39.0,1610.2,2023-03,2023,Thursday
1157,2023-08-31,364,West,Home & Kitchen,9,223.17,Wallet,69.0,2008.53,2023-08,2023,Thursday
1540,2024-11-19,160,East,Electronics,3,214.97,Wallet,63.0,644.91,2024-11,2024,Tuesday
2531,2023-08-14,422,South,Home & Kitchen,1,466.11,Debit Card,32.0,466.11,2023-08,2023,Monday
2461,2023-06-10,21,East,Sports,7,311.63,Debit Card,48.0,2181.41,2023-06,2023,Saturday
2291,2024-06-09,8,East,Home & Kitchen,3,67.69,UPI,39.0,203.07,2024-06,2024,Sunday
1462,2024-03-10,49,West,Home & Kitchen,2,471.38,Wallet,39.0,942.76,2024-03,2024,Sunday
1577,2024-01-31,252,West,Home & Kitchen,7,131.73,Cash,22.0,922.11,2024-01,2024,Wednesday
2363,2024-11-04,25,East,Books,5,297.26,Debit Card,50.0,1486.3,2024-11,2024,Monday
1256,2024-07-04,347,West,Home & Kitchen,3,39.88,Wallet,63.0,119.64,2024-07,2024,Thursday
1980,2023-01-01,24,West,Sports,5,227.32,Cash,22.0,1136.6,2023-01,2023,Sunday
2186,2024-12-01,490,South,Home & Kitchen,5,171.47,Cash,45.0,857.35,2024-12,2024,Sunday
2007,2023-11-14,228,North,Sports,4,196.59,Debit Card,29.0,786.36,2023-11,2023,Tuesday
2522,2024-08-06,73,North,Books,7,479.82,Cash,54.0,3358.74,2024-08,2024,Tuesday
2690,2023-03-20,192,West,Clothing,3,89.41,Credit Card,68.0,268.23,2023-03,2023,Monday
1561,2023-06-26,56,South,Clothing,1,232.75,Credit Card,37.0,232.75,2023-06,2023,Monday
1209,2024-09-16,74,East,Books,6,370.46,Wallet,35.0,2222.76,2024-09,2024,Monday
1911,2023-04-19,411,North,Home & Kitchen,2,20.26,Wallet,41.0,40.52,2023-04,2023,Wednesday
2312,2023-12-22,386,East,Clothing,9,39.15,Credit Card,67.0,352.35,2023-12,2023,Friday
1002,2024-03-11,407,West,Sports,7,311.9,UPI,21.0,2183.3,2024-03,2024,Monday
2366,2024-05-21,196,North,Sports,1,352.86,Debit Card,67.0,352.86,2024-05,2024,Tuesday
1270,2023-10-31,458,South,Home & Kitchen,1,473.16,UPI,39.0,473.16,2023-10,2023,Tuesday
1266,2023-12-12,345,North,Home & Kitchen,7,223.17,UPI,24.0,1562.19,2023-12,2023,Tuesday
1915,2023-04-21,13,South,Sports,6,247.16,Wallet,34.0,1482.96,2023-04,2023,Friday
1231,2023-07-03,362,North,Electronics,8,104.69,Wallet,33.0,837.52,2023-07,2023,Monday
2120,2023-05-13,479,West,Electronics,2,329.11,UPI,26.0,658.22,2023-05,2023,Saturday
2998,2023-07-03,273,South,Books,9,326.29,Debit Card,48.0,2936.61,2023-07,2023,Monday
1865,2023-09-10,461,West,Electronics,1,318.76,Debit Card,18.0,318.76,2023-09,2023,Sunday
2067,2023-06-06,349,East,Clothing,3,294.7,Wallet,33.0,884.1,2023-06,2023,Tuesday
1874,2023-01-28,118,East,Sports,7,234.38,UPI,45.0,1640.66,2023-01,2023,Saturday
2821,2024-02-20,223,East,Books,4,330.85,UPI,39.0,1323.4,2024-02,2024,Tuesday
1399,2023-12-20,30,South,Clothing,6,180.72,Cash,36.0,1084.32,2023-12,2023,Wednesday
2853,2024-07-20,75,West,Home & Kitchen,4,197.32,Cash,18.0,789.28,2024-07,2024,Saturday
2653,2024-03-30,218,South,Books,7,216.07,Wallet,19.0,1512.49,2024-03,2024,Saturday
1046,2024-04-29,328,East,Clothing,2,192.79,Debit Card,55.0,385.58,2024-04,2024,Monday
1162,2024-07-27,407,West,Electronics,5,294.96,Credit Card,62.0,1474.8,2024-07,2024,Saturday
1992,2024-10-11,211,South,Home & Kitchen,7,9.55,UPI,46.0,66.85,2024-10,2024,Friday
1728,2023-08-27,228,South,Books,4,498.72,Wallet,28.0,1994.88,2023-08,2023,Sunday
1630,2024-02-19,242,South,Sports,2,273.72,Debit Card,61.0,547.44,2024-02,2024,Monday
1289,2024-09-16,476,North,Home & Kitchen,4,292.58,UPI,57.0,1170.32,2024-09,2024,Monday
2614,2023-07-10,93,North,Clothing,7,361.69,Credit Card,69.0,2531.83,2023-07,2023,Monday
2060,2023-01-15,403,West,Clothing,2,411.79,Cash,61.0,823.58,2023-01,2023,Sunday
2982,2023-06-10,139,East,Home & Kitchen,3,19.35,Debit Card,30.0,58.05,2023-06,2023,Saturday
1576,2023-04-09,400,West,Electronics,5,280.93,Cash,57.0,1404.65,2023-04,2023,Sunday
1851,2023-02-16,466,North,Sports,2,465.76,UPI,21.0,931.52,2023-02,2023,Thursday
2340,2024-11-23,137,East,Home & Kitchen,9,91.14,Debit Card,34.0,820.26,2024-11,2024,Saturday
1912,2023-05-26,66,North,Books,3,440.21,Debit Card,34.0,1320.63,2023-05,2023,Friday
2255,2023-05-31,116,East,Clothing,5,5.12,Wallet,54.0,25.6,2023-05,2023,Wednesday
2834,2024-04-03,375,West,Sports,1,135.0,Credit Card,48.0,135.0,2024-04,2024,Wednesday
2723,2024-07-23,108,North,Electronics,6,454.09,Debit Card,44.0,2724.54,2024-07,2024,Tuesday
2846,2023-03-28,156,South,Books,4,265.09,Cash,33.0,1060.36,2023-03,2023,Tuesday
2736,2024-08-27,103,North,Clothing,9,345.3,Cash,48.0,3107.7,2024-08,2024,Tuesday
1933,2024-10-23,400,West,Home & Kitchen,2,161.03,Debit Card,61.0,322.06,2024-10,2024,Wednesday
2101,2023-09-11,36,North,Books,9,246.03,Debit Card,65.0,2214.27,2023-09,2023,Monday
2658,2024-07-25,362,West,Books,6,341.62,Debit Card,63.0,2049.72,2024-07,2024,Thursday
2208,2023-06-24,65,South,Sports,1,188.02,UPI,28.0,188.02,2023-06,2023,Saturday
1248,2024-02-07,121,West,Books,4,347.82,Debit Card,64.0,1391.28,2024-02,2024,Wednesday
1477,2024-09-03,436,North,Books,5,238.04,UPI,18.0,1190.2,2024-09,2024,Tuesday
2695,2024-03-05,382,West,Sports,8,273.31,Wallet,56.0,2186.48,2024-03,2024,Tuesday
1086,2024-12-02,102,West,Books,9,272.68,UPI,44.0,2454.12,2024-12,2024,Monday
1470,2024-03-28,490,South,Sports,6,472.3,Wallet,46.0,2833.8,2024-03,2024,Thursday
1226,2024-12-10,310,North,Home & Kitchen,4,418.61,Debit Card,18.0,1674.44,2024-12,2024,Tuesday
1775,2023-02-23,266,North,Books,4,346.13,Credit Card,36.0,1384.52,2023-02,2023,Thursday
1332,2023-11-10,387,South,Clothing,8,261.61,Debit Card,56.0,2092.88,2023-11,2023,Friday
1234,2023-10-21,141,North,Electronics,6,134.53,Credit Card,35.0,807.18,2023-10,2023,Saturday
1589,2023-07-05,308,South,Books,9,132.26,Debit Card,29.0,1190.34,2023-07,2023,Wednesday
1476,2024-07-04,7,East,Sports,8,230.2,Credit Card,59.0,1841.6,2024-07,2024,Thursday
2285,2023-02-28,403,East,Electronics,3,94.72,UPI,35.0,284.16,2023-02,2023,Tuesday
2896,2023-10-22,116,East,Sports,4,397.02,Credit Card,62.0,1588.08,2023-10,2023,Sunday
1600,2023-03-15,256,North,Electronics,6,239.35,Wallet,33.0,1436.1,2023-03,2023,Wednesday
1422,2023-04-13,161,West,Books,2,57.53,Cash,57.0,115.06,2023-04,2023,Thursday
2712,2024-01-17,192,West,Electronics,1,443.08,Wallet,36.0,443.08,2024-01,2024,Wednesday
1183,2024-12-10,496,North,Electronics,9,244.48,UPI,54.0,2200.32,2024-12,2024,Tuesday
1989,2024-11-20,305,South,Books,7,102.36,Debit Card,23.0,716.52,2024-11,2024,Wednesday
2001,2023-11-25,415,South,Sports,5,20.84,Cash,33.0,104.2,2023-11,2023,Saturday
2642,2023-08-21,72,South,Books,2,357.74,Debit Card,53.0,715.48,2023-08,2023,Monday
2357,2024-02-10,223,South,Clothing,7,67.27,Debit Card,55.0,470.89,2024-02,2024,Saturday
2463,2024-05-07,313,North,Books,2,218.74,Wallet,39.0,437.48,2024-05,2024,Tuesday
1050,2023-10-01,289,West,Sports,3,467.53,Credit Card,32.0,1402.59,2023-10,2023,Sunday
2903,2023-08-25,113,East,Electronics,7,208.65,UPI,44.0,1460.55,2023-08,2023,Friday
2030,2023-05-12,240,West,Clothing,6,290.63,Credit Card,31.0,1743.78,2023-05,2023,Friday
1530,2023-03-16,92,East,Home & Kitchen,2,37.47,UPI,62.0,74.94,2023-03,2023,Thursday
2259,2024-01-16,381,North,Electronics,5,120.64,UPI,64.0,603.2,2024-01,2024,Tuesday
1487,2024-03-17,466,East,Books,6,473.16,Debit Card,28.0,2838.96,2024-03,2024,Sunday
2979,2023-07-17,492,North,Clothing,7,27.22,Wallet,51.0,190.54,2023-07,2023,Monday
1498,2024-11-20,289,North,Home & Kitchen,2,98.59,UPI,20.0,197.18,2024-11,2024,Wednesday
2647,2024-03-23,153,East,Home & Kitchen,5,462.03,UPI,50.0,2310.15,2024-03,2024,Saturday
1107,2024-05-13,143,North,Electronics,9,414.82,Credit Card,30.0,3733.38,2024-05,2024,Monday
1444,2024-09-25,190,North,Electronics,3,37.87,UPI,65.0,113.61,2024-09,2024,Wednesday
2513,2023-10-29,426,North,Electronics,6,427.01,Credit Card,69.0,2562.06,2023-10,2023,Sunday
1647,2024-03-31,256,East,Electronics,7,123.41,Debit Card,66.0,863.87,2024-03,2024,Sunday
2037,2024-09-07,124,South,Sports,6,399.05,Wallet,59.0,2394.3,2024-09,2024,Saturday
2763,2024-08-06,239,South,Books,7,207.58,UPI,47.0,1453.06,2024-08,2024,Tuesday
1727,2023-08-12,366,West,Electronics,2,10.83,Wallet,67.0,21.66,2023-08,2023,Saturday
1191,2024-11-14,291,South,Home & Kitchen,13,262.51,UPI,44.0,3412.63,2024-11,2024,Thursday
2789,2023-02-15,201,South,Clothing,8,440.81,Wallet,59.0,3526.48,2023-02,2023,Wednesday
2857,2023-11-05,118,West,Home & Kitchen,2,111.3,Cash,62.0,222.6,2023-11,2023,Sunday
1283,2023-06-01,465,North,Sports,4,445.66,UPI,24.0,1782.64,2023-06,2023,Thursday
1030,2023-01-22,311,North,Sports,2,118.71,Credit Card,57.0,237.42,2023-01,2023,Sunday
1170,2024-05-20,292,South,Clothing,5,393.07,Credit Card,49.0,1965.35,2024-05,2024,Monday
2002,2024-07-03,356,South,Sports,5,470.39,Debit Card,27.0,2351.95,2024-07,2024,Wednesday
2205,2023-01-18,494,East,Home & Kitchen,5,128.73,Debit Card,64.0,643.65,2023-01,2023,Wednesday
1101,2023-12-10,89,East,Electronics,9,239.35,Cash,62.0,2154.15,2023-12,2023,Sunday
1198,2024-11-22,2,South,Electronics,1,81.65,Credit Card,43.0,81.65,2024-11,2024,Friday
1496,2024-04-19,253,North,Sports,3,249.16,UPI,33.0,747.48,2024-04,2024,Friday
2746,2024-11-23,493,West,Home & Kitchen,3,479.37,Debit Card,64.0,1438.11,2024-11,2024,Saturday
1648,2023-12-27,183,West,Home & Kitchen,8,394.55,Credit Card,27.0,3156.4,2023-12,2023,Wednesday
1988,2024-11-03,403,East,Electronics,1,72.5,UPI,48.0,72.5,2024-11,2024,Sunday
1045,2023-05-11,475,East,Books,5,90.51,Debit Card,38.0,452.55,2023-05,2023,Thursday
2963,2024-09-23,342,North,Books,3,258.21,Credit Card,40.0,774.63,2024-09,2024,Monday
1711,2024-07-11,200,West,Clothing,2,200.2,Credit Card,46.0,400.4,2024-07,2024,Thursday
1374,2024-09-30,150,North,Books,2,145.83,Wallet,26.0,291.66,2024-09,2024,Monday
1679,2024-09-06,29,North,Clothing,2,353.45,Wallet,35.0,706.9,2024-09,2024,Friday
1567,2023-09-22,99,North,Books,5,117.63,Debit Card,19.0,588.15,2023-09,2023,Friday
2673,2024-04-18,141,South,Electronics,8,331.28,UPI,67.0,2650.24,2024-04,2024,Thursday
1848,2024-12-30,348,East,Electronics,7,215.82,Credit Card,67.0,1510.74,2024-12,2024,Monday
1461,2024-10-17,239,West,Electronics,2,431.5,UPI,42.0,863.0,2024-10,2024,Thursday
2438,2024-01-07,424,East,Home & Kitchen,7,212.13,UPI,46.0,1484.91,2024-01,2024,Sunday
2156,2023-07-29,154,North,Sports,3,413.98,Debit Card,35.0,1241.94,2023-07,2023,Saturday
1040,2024-11-17,136,South,Books,9,210.95,Cash,52.0,1898.55,2024-11,2024,Sunday
1435,2024-08-26,341,South,Clothing,7,457.3,UPI,19.0,3201.1,2024-08,2024,Monday
1974,2024-12-24,336,West,Electronics,3,239.35,Wallet,32.0,718.05,2024-12,2024,Tuesday
2240,2024-02-22,391,West,Books,2,252.31,Credit Card,25.0,504.62,2024-02,2024,Thursday
2008,2023-08-24,350,East,Books,2,325.38,Credit Card,61.0,650.76,2023-08,2023,Thursday
2580,2024-03-29,255,North,Books,8,338.39,Wallet,48.0,2707.12,2024-03,2024,Friday
2591,2023-04-25,393,North,Electronics,1,451.24,Cash,45.0,451.24,2023-04,2023,Tuesday
2787,2024-02-05,51,West,Clothing,7,105.75,Wallet,28.0,740.25,2024-02,2024,Monday
2499,2023-10-20,369,East,Books,6,60.98,Cash,41.0,365.88,2023-10,2023,Friday
1457,2024-08-03,101,South,Clothing,6,370.38,Cash,20.0,2222.28,2024-08,2024,Saturday
2836,2023-07-27,437,North,Books,5,373.3,Debit Card,63.0,1866.5,2023-07,2023,Thursday
1261,2024-02-19,19,East,Clothing,1,233.13,Debit Card,19.0,233.13,2024-02,2024,Monday
2841,2024-05-29,364,West,Sports,1,148.3,Wallet,49.0,148.3,2024-05,2024,Wednesday
1036,2024-11-12,114,North,Home & Kitchen,7,119.33,Cash,28.0,835.31,2024-11,2024,Tuesday
1828,2023-04-03,18,South,Clothing,2,175.27,Debit Card,20.0,350.54,2023-04,2023,Monday
1310,2024-01-27,167,North,Sports,3,120.64,Debit Card,19.0,361.92,2024-01,2024,Saturday
1277,2023-08-21,483,West,Clothing,2,113.43,Wallet,46.0,226.86,2023-08,2023,Monday
1637,2023-02-08,160,North,Books,8,166.84,Cash,62.0,1334.72,2023-02,2023,Wednesday
1655,2024-05-22,252,West,Clothing,8,308.28,Credit Card,58.0,2466.24,2024-05,2024,Wednesday
1623,2024-05-25,376,South,Books,9,286.89,Credit Card,52.0,2582.01,2024-05,2024,Saturday
2860,2023-11-03,417,West,Books,9,92.16,Cash,49.0,829.44,2023-11,2023,Friday
1845,2023-02-15,235,East,Clothing,5,477.3,Cash,30.0,2386.5,2023-02,2023,Wednesday
1394,2024-04-02,396,West,Sports,5,403.92,UPI,59.0,2019.6,2024-04,2024,Tuesday
2770,2023-11-16,378,South,Electronics,3,414.44,Credit Card,67.0,1243.32,2023-11,2023,Thursday
1108,2024-08-15,405,East,Clothing,5,386.77,Wallet,39.0,1933.85,2024-08,2024,Thursday
1350,2023-02-06,149,North,Electronics,1,473.31,Wallet,31.0,473.31,2023-02,2023,Monday
1525,2024-09-08,444,North,Home & Kitchen,5,35.5,Cash,43.0,177.5,2024-09,2024,Sunday
1785,2024-03-10,160,West,Electronics,9,377.89,UPI,44.0,3401.01,2024-03,2024,Sunday
1048,2023-01-21,302,West,Electronics,7,309.6,Debit Card,55.0,2167.2,2023-01,2023,Saturday
1204,2024-05-24,350,South,Clothing,1,254.33,Credit Card,24.0,254.33,2024-05,2024,Friday
2656,2023-08-12,467,West,Sports,4,224.84,Wallet,46.0,899.36,2023-08,2023,Saturday
1022,2024-05-06,352,North,Books,8,465.35,UPI,44.0,3722.8,2024-05,2024,Monday
1403,2024-11-28,115,West,Electronics,3,16.6,Credit Card,65.0,49.8,2024-11,2024,Thursday
2108,2023-12-29,342,North,Books,8,367.19,Credit Card,63.0,2937.52,2023-12,2023,Friday
2155,2024-01-21,426,South,Electronics,5,206.01,UPI,39.0,1030.05,2024-01,2024,Sunday
2440,2024-03-18,156,North,Home & Kitchen,5,240.99,Wallet,69.0,1204.95,2024-03,2024,Monday
1990,2023-01-10,319,East,Home & Kitchen,5,32.39,UPI,52.0,161.95,2023-01,2023,Tuesday
2866,2023-11-08,421,North,Home & Kitchen,9,198.59,UPI,27.0,1787.31,2023-11,2023,Wednesday
1742,2024-04-20,352,South,Home & Kitchen,7,451.45,UPI,42.0,3160.15,2024-04,2024,Saturday
2722,2023-09-14,168,West,Clothing,6,204.43,Debit Card,31.0,1226.58,2023-09,2023,Thursday
2311,2023-02-11,268,West,Sports,5,80.71,Credit Card,57.0,403.55,2023-02,2023,Saturday
2148,2023-04-27,203,South,Electronics,9,230.88,UPI,35.0,2077.92,2023-04,2023,Thursday
1034,2023-02-28,458,West,Sports,2,134.94,Debit Card,55.0,269.88,2023-02,2023,Tuesday
1788,2024-12-04,288,South,Sports,2,241.11,Cash,38.0,482.22,2024-12,2024,Wednesday
2541,2023-04-09,376,East,Home & Kitchen,9,490.42,Wallet,44.0,4413.78,2023-04,2023,Sunday
1924,2024-06-01,209,South,Books,7,364.93,Cash,44.0,2554.51,2024-06,2024,Saturday
2044,2023-05-23,61,East,Home & Kitchen,4,6.16,Credit Card,48.0,24.64,2023-05,2023,Tuesday
2960,2023-06-14,397,North,Clothing,8,174.81,Cash,24.0,1398.48,2023-06,2023,Wednesday
2244,2023-10-15,383,South,Clothing,7,207.08,Wallet,25.0,1449.56,2023-10,2023,Sunday
2916,2023-10-20,155,South,Clothing,7,250.43,Cash,34.0,1753.01,2023-10,2023,Friday
1580,2024-04-28,260,West,Books,8,270.52,Credit Card,22.0,2164.16,2024-04,2024,Sunday
1482,2024-06-05,163,East,Books,2,250.67,Credit Card,39.0,501.34,2024-06,2024,Wednesday
1932,2024-03-12,75,East,Clothing,1,493.24,Wallet,21.0,493.24,2024-03,2024,Tuesday
1357,2023-04-09,381,North,Home & Kitchen,2,59.46,Cash,49.0,118.92,2023-04,2023,Sunday
2686,2023-01-07,295,East,Electronics,1,38.21,Cash,25.0,38.21,2023-01,2023,Saturday
2249,2023-06-14,143,North,Books,4,267.27,Credit Card,32.0,1069.08,2023-06,2023,Wednesday
1760,2024-03-21,434,North,Home & Kitchen,4,246.86,Wallet,22.0,987.44,2024-03,2024,Thursday
1093,2023-07-07,279,North,Books,3,322.84,Wallet,44.0,968.52,2023-07,2023,Friday
2176,2024-04-13,341,East,Home & Kitchen,8,355.22,Debit Card,38.0,2841.76,2024-04,2024,Saturday
2416,2024-10-16,314,South,Home & Kitchen,7,223.43,Debit Card,55.0,1564.01,2024-10,2024,Wednesday
2342,2024-01-06,395,East,Books,7,12.84,Wallet,19.0,89.88,2024-01,2024,Saturday
2473,2023-10-01,355,North,Home & Kitchen,9,236.54,Cash,57.0,2128.86,2023-10,2023,Sunday
1804,2023-05-18,124,North,Electronics,9,239.35,Wallet,44.0,2154.15,2023-05,2023,Thursday
1746,2023-01-23,38,West,Electronics,1,163.67,Cash,28.0,163.67,2023-01,2023,Monday
2547,2023-03-03,227,East,Electronics,8,287.49,UPI,62.0,2299.92,2023-03,2023,Friday
1280,2023-07-27,161,North,Clothing,7,386.14,Credit Card,24.0,2702.98,2023-07,2023,Thursday
2608,2023-12-29,47,North,Electronics,8,328.56,UPI,63.0,2628.48,2023-12,2023,Friday
1765,2023-04-05,324,East,Electronics,7,26.7,Credit Card,49.0,186.9,2023-04,2023,Wednesday
1605,2023-06-23,470,West,Books,9,251.1,Debit Card,44.0,2259.9,2023-06,2023,Friday
2374,2024-12-13,189,West,Sports,5,169.81,Cash,27.0,849.05,2024-12,2024,Friday
2952,2024-05-27,224,East,Clothing,2,67.96,Wallet,40.0,135.92,2024-05,2024,Monday
2399,2024-05-11,286,South,Clothing,1,349.54,Cash,32.0,349.54,2024-05,2024,Saturday
1401,2023-02-20,279,South,Electronics,8,239.35,UPI,61.0,1914.8,2023-02,2023,Monday
1258,2024-10-02,68,West,Electronics,1,165.63,Cash,27.0,165.63,2024-10,2024,Wednesday
1945,2023-05-17,20,South,Electronics,1,260.39,UPI,24.0,260.39,2023-05,2023,Wednesday
2876,2024-12-25,157,South,Books,7,79.03,Debit Card,63.0,553.21,2024-12,2024,Wednesday
2097,2023-10-10,31,North,Books,8,21.24,Cash,31.0,169.92,2023-10,2023,Tuesday
2220,2023-06-11,368,West,Home & Kitchen,7,432.02,UPI,30.0,3024.14,2023-06,2023,Sunday
2508,2023-03-02,432,East,Clothing,3,289.87,Debit Card,44.0,869.61,2023-03,2023,Thursday
2880,2024-05-30,476,West,Books,7,306.81,Credit Card,19.0,2147.67,2024-05,2024,Thursday
2162,2023-06-28,165,North,Books,5,126.59,Debit Card,42.0,632.95,2023-06,2023,Wednesday
1495,2023-06-09,281,West,Books,6,189.74,Credit Card,61.0,1138.44,2023-06,2023,Friday
1773,2023-11-02,255,North,Books,9,135.03,Wallet,39.0,1215.27,2023-11,2023,Thursday
1551,2023-10-06,467,West,Electronics,5,346.59,Debit Card,25.0,1732.95,2023-10,2023,Friday
2487,2023-12-25,376,East,Clothing,8,267.78,UPI,58.0,2142.24,2023-12,2023,Monday
1202,2024-07-17,90,West,Electronics,1,313.47,Wallet,37.0,313.47,2024-07,2024,Wednesday
1313,2024-02-05,459,North,Home & Kitchen,5,386.76,Cash,65.0,1933.8,2024-02,2024,Monday
1291,2024-02-26,160,South,Electronics,9,208.41,Cash,23.0,1875.69,2024-02,2024,Monday
2985,2023-01-12,499,West,Sports,9,66.55,Debit Card,51.0,598.95,2023-01,2023,Thursday
2214,2024-11-08,112,East,Clothing,6,343.12,Credit Card,22.0,2058.72,2024-11,2024,Friday
1764,2023-12-14,382,North,Clothing,1,335.34,UPI,47.0,335.34,2023-12,2023,Thursday
2137,2023-07-01,196,East,Home & Kitchen,8,132.4,Credit Card,25.0,1059.2,2023-07,2023,Saturday
1950,2024-07-01,293,East,Home & Kitchen,2,180.44,UPI,52.0,360.88,2024-07,2024,Monday
1184,2024-03-31,373,North,Electronics,5,247.77,UPI,54.0,1238.85,2024-03,2024,Sunday
2177,2023-02-18,384,East,Home & Kitchen,5,20.43,UPI,67.0,102.15,2023-02,2023,Saturday
2849,2023-10-28,41,West,Clothing,8,250.38,Debit Card,59.0,2003.04,2023-10,2023,Saturday
2350,2023-06-07,21,North,Books,9,436.28,Cash,51.0,3926.52,2023-06,2023,Wednesday
2728,2023-09-28,445,North,Home & Kitchen,6,262.66,Cash,37.0,1575.96,2023-09,2023,Thursday
2069,2024-03-16,421,North,Clothing,7,240.3,Cash,60.0,1682.1,2024-03,2024,Saturday
2812,2023-04-16,311,North,Sports,9,92.22,Debit Card,52.0,829.98,2023-04,2023,Sunday
2031,2024-08-23,47,East,Books,3,114.47,Debit Card,23.0,343.41,2024-08,2024,Friday
1251,2023-05-27,72,West,Books,5,65.63,Debit Card,32.0,328.15,2023-05,2023,Saturday
1824,2023-10-08,497,North,Books,4,468.32,Cash,32.0,1873.28,2023-10,2023,Sunday
2100,2023-01-11,473,South,Books,4,491.41,Credit Card,68.0,1965.64,2023-01,2023,Wednesday
2537,2023-02-16,286,South,Sports,4,124.55,Cash,39.0,498.2,2023-02,2023,Thursday
1941,2024-03-21,132,West,Clothing,7,32.98,Cash,51.0,230.86,2024-03,2024,Thursday
1392,2023-11-17,145,East,Books,6,336.63,Credit Card,37.0,2019.78,2023-11,2023,Friday
2920,2024-01-16,475,South,Sports,1,227.32,UPI,42.0,227.32,2024-01,2024,Tuesday
2457,2024-05-30,303,North,Books,4,452.03,Wallet,19.0,1808.12,2024-05,2024,Thursday
2093,2024-02-15,316,West,Home & Kitchen,1,223.17,Credit Card,27.0,223.17,2024-02,2024,Thursday
2192,2024-03-10,61,East,Sports,3,474.58,Debit Card,46.0,1423.74,2024-03,2024,Sunday
1905,2023-07-31,10,West,Clothing,5,17.74,UPI,53.0,88.7,2023-07,2023,Monday
1555,2024-08-18,130,West,Clothing,3,187.02,Cash,49.0,561.06,2024-08,2024,Sunday
1367,2024-07-19,209,North,Electronics,2,435.06,UPI,45.0,870.12,2024-07,2024,Friday
1346,2023-02-15,5,North,Clothing,7,285.04,UPI,67.0,1995.28,2023-02,2023,Wednesday
2609,2024-07-10,15,East,Electronics,5,239.35,UPI,28.0,1196.75,2024-07,2024,Wednesday
1536,2024-11-06,477,West,Electronics,9,336.46,Credit Card,32.0,3028.14,2024-11,2024,Wednesday
2423,2024-12-11,273,North,Books,7,98.73,UPI,25.0,691.11,2024-12,2024,Wednesday
2210,2024-05-16,341,South,Sports,3,160.32,Wallet,35.0,480.96,2024-05,2024,Thursday
2373,2023-03-14,227,South,Clothing,5,208.82,Wallet,33.0,1044.1,2023-03,2023,Tuesday
2640,2024-10-28,361,East,Home & Kitchen,4,96.84,UPI,44.0,387.36,2024-10,2024,Monday
1920,2024-08-17,90,North,Books,1,276.72,Cash,44.0,276.72,2024-08,2024,Saturday
1212,2023-04-23,159,East,Home & Kitchen,2,219.22,UPI,32.0,438.44,2023-04,2023,Sunday
2604,2023-12-19,332,North,Clothing,5,255.34,Credit Card,32.0,1276.7,2023-12,2023,Tuesday
1503,2024-03-02,110,North,Sports,7,304.07,UPI,42.0,2128.49,2024-03,2024,Saturday
1538,2024-04-01,447,East,Electronics,4,91.98,Debit Card,54.0,367.92,2024-04,2024,Monday
2221,2024-01-15,435,South,Home & Kitchen,1,224.44,Wallet,55.0,224.44,2024-01,2024,Monday
1176,2024-01-20,141,South,Clothing,2,366.11,Cash,31.0,732.22,2024-01,2024,Saturday
